#,Priority,problemUrl,topic,subTopic,striver_video,neetcode_video
1,Must Do,https://leetcode.com/problems/find-the-highest-altitude,Arrays,Basic Array Operations,,
2,Must Do,https://leetcode.com/problems/richest-customer-wealth,Arrays,Basic Array Operations,,
3,Must Do,https://leetcode.com/problems/shuffle-the-array,Arrays,Basic Array Operations,,
4,Must Do,https://leetcode.com/problems/kids-with-the-greatest-number-of-candies,Arrays,Basic Array Operations,,
5,Must Do,https://leetcode.com/problems/number-of-good-pairs,Arrays,Basic Array Operations,,
6,Must Do,https://leetcode.com/problems/count-items-matching-a-rule,Arrays,Basic Array Operations,,
7,Must Do,https://leetcode.com/problems/find-the-duplicate-number,Arrays,Basic Array Operations,,
8,Must Do,https://leetcode.com/problems/set-matrix-zeroes,Arrays,Basic Array Operations,▶ Striver,▶ NeetCode
9,Must Do,https://leetcode.com/problems/rotate-array,Arrays,Basic Array Operations,▶ Striver,▶ NeetCode
10,Must Do,https://leetcode.com/problems/first-missing-positive,Arrays,Basic Array Operations,,
11,Good To Do,https://leetcode.com/problems/best-time-to-buy-and-sell-stock-iii,Arrays,Basic Array Operations,▶ Striver,▶ NeetCode
12,Good To Do,https://leetcode.com/problems/maximum-gap,Arrays,Basic Array Operations,,
13,Good To Do,https://www.codechef.com/problems/LINSRCH,Arrays,Basic Array Operations,,
14,Good To Do,https://www.geeksforgeeks.org/array-rotation,Arrays,Basic Array Operations,▶ Striver,▶ NeetCode
15,Good To Do,https://www.geeksforgeeks.org/find-second-largest-element-array,Arrays,Basic Array Operations,▶ Striver,▶ NeetCode
16,Good To Do,https://www.geeksforgeeks.org/largest-sum-contiguous-subarray,Arrays,Basic Array Operations,,
17,Good To Do,https://www.geeksforgeeks.org/leaders-in-an-array,Arrays,Basic Array Operations,▶ Striver,▶ NeetCode
18,Good To Do,https://www.geeksforgeeks.org/rearrange-array-alternating-positive-negative-items-o1-extra-space,Arrays,Basic Array Operations,,
19,Good To Do,https://www.geeksforgeeks.org/write-a-program-to-reverse-an-array-or-string,Arrays,Basic Array Operations,,
20,Good To Do,https://www.hackerrank.com/challenges/crush/problem,Arrays,Basic Array Operations,,
21,Good To Do,https://www.interviewbit.com/problems/hotel-bookings-possible,Arrays,Basic Array Operations,,
22,Must Do,https://leetcode.com/problems/remove-duplicates-from-sorted-array,Arrays,Two Pointers,▶ Striver,▶ NeetCode
23,Must Do,https://leetcode.com/problems/move-zeroes,Arrays,Two Pointers,▶ Striver,▶ NeetCode
24,Must Do,https://leetcode.com/problems/squares-of-a-sorted-array,Arrays,Two Pointers,,
25,Must Do,https://leetcode.com/problems/two-sum-ii-input-array-is-sorted,Arrays,Two Pointers,,
26,Must Do,https://leetcode.com/problems/3sum,Arrays,Two Pointers,▶ Striver,▶ NeetCode
27,Must Do,https://leetcode.com/problems/container-with-most-water,Arrays,Two Pointers,,
28,Must Do,https://leetcode.com/problems/sort-colors,Arrays,Two Pointers,▶ Striver,▶ NeetCode
29,Must Do,https://leetcode.com/problems/4sum,Arrays,Two Pointers,▶ Striver,▶ NeetCode
30,Must Do,https://www.interviewbit.com/problems/pairs-with-given-sum,Arrays,Two Pointers,,
31,Must Do,https://leetcode.com/problems/trapping-rain-water,Arrays,Two Pointers,▶ Striver,▶ NeetCode
32,Good To Do,https://codeforces.com/problemset/problem/1520/D,Arrays,Two Pointers,,
33,Good To Do,https://codeforces.com/problemset/problem/1598/B,Arrays,Two Pointers,,
34,Good To Do,https://www.geeksforgeeks.org/find-a-triplet-that-sum-to-a-given-value,Arrays,Two Pointers,,
35,Good To Do,https://www.geeksforgeeks.org/two-pointers-technique,Arrays,Two Pointers,,
36,Good To Do,https://www.interviewbit.com/problems/3-sum-zero,Arrays,Two Pointers,,
37,Must Do,https://leetcode.com/problems/minimum-window-substring,Arrays,Sliding Window,▶ Striver,▶ NeetCode
38,Must Do,https://leetcode.com/problems/maximum-average-subarray-i,Arrays,Sliding Window,,
39,Must Do,https://leetcode.com/problems/maximum-number-of-vowels-in-a-substring-of-given-length,Arrays,Sliding Window,,
40,Must Do,https://leetcode.com/problems/max-consecutive-ones,Arrays,Sliding Window,▶ Striver,▶ NeetCode
41,Must Do,https://leetcode.com/problems/diet-plan-performance,Arrays,Sliding Window,,
42,Must Do,https://leetcode.com/problems/number-of-sub-arrays-of-size-k-and-average-greater-than-or-equal-to-threshold,Arrays,Sliding Window,,
43,Must Do,https://leetcode.com/problems/minimum-size-subarray-sum,Arrays,Sliding Window,,
44,Must Do,https://leetcode.com/problems/longest-substring-without-repeating-characters,Arrays,Sliding Window,▶ Striver,▶ NeetCode
45,Must Do,https://leetcode.com/problems/fruit-into-baskets,Arrays,Sliding Window,▶ Striver,▶ NeetCode
46,Must Do,https://leetcode.com/problems/permutation-in-string,Arrays,Sliding Window,,
47,Must Do,https://leetcode.com/problems/longest-subarray-of-1s-after-deleting-one-element,Arrays,Sliding Window,,
48,Must Do,https://leetcode.com/problems/sliding-window-maximum,Arrays,Sliding Window,▶ Striver,▶ NeetCode
49,Good To Do,https://codeforces.com/problemset/problem/1469/C,Arrays,Sliding Window,,
50,Good To Do,https://www.codechef.com/problems/CDIST,Arrays,Sliding Window,,
51,Good To Do,https://www.geeksforgeeks.org/find-maximum-average-subarray-of-k-length,Arrays,Sliding Window,,
52,Good To Do,https://www.geeksforgeeks.org/longest-sub-array-sum-k,Arrays,Sliding Window,▶ Striver,▶ NeetCode
53,Good To Do,https://www.geeksforgeeks.org/window-sliding-technique,Arrays,Sliding Window,,
54,Good To Do,https://www.interviewbit.com/problems/sub-sum,Arrays,Sliding Window,,
55,Must Do,https://leetcode.com/problems/running-sum-of-1d-array,Arrays,Prefix Sums,,
56,Must Do,https://leetcode.com/problems/find-pivot-index,Arrays,Prefix Sums,,
57,Must Do,https://leetcode.com/problems/find-the-middle-index-in-array,Arrays,Prefix Sums,,
58,Must Do,https://leetcode.com/problems/left-and-right-sum-differences,Arrays,Prefix Sums,,
59,Must Do,https://leetcode.com/problems/sum-of-all-odd-length-subarrays,Arrays,Prefix Sums,,
60,Must Do,https://leetcode.com/problems/subarray-sum-equals-k,Arrays,Prefix Sums,▶ Striver,▶ NeetCode
61,Must Do,https://leetcode.com/problems/product-of-array-except-self,Arrays,Prefix Sums,,
62,Must Do,https://leetcode.com/problems/contiguous-array,Arrays,Prefix Sums,,
63,Must Do,https://leetcode.com/problems/range-sum-query-2d-immutable,Arrays,Prefix Sums,,
64,Must Do,https://leetcode.com/problems/count-number-of-nice-subarrays,Arrays,Prefix Sums,▶ Striver,▶ NeetCode
65,Must Do,https://leetcode.com/problems/maximum-subarray,Arrays,Prefix Sums,▶ Striver,▶ NeetCode
66,Good To Do,https://codeforces.com/problemset/problem/1118/B,Arrays,Prefix Sums,,
67,Good To Do,https://codeforces.com/problemset/problem/295/A,Arrays,Prefix Sums,,
68,Good To Do,https://www.codechef.com/problems/FILTRATE,Arrays,Prefix Sums,,
69,Good To Do,https://www.geeksforgeeks.org/equilibrium-index-of-an-array,Arrays,Prefix Sums,,
70,Good To Do,https://www.geeksforgeeks.org/largest-subarray-with-equal-number-of-0s-and-1s,Arrays,Prefix Sums,,
71,Good To Do,https://www.geeksforgeeks.org/prefix-sum-2d-array,Arrays,Prefix Sums,,
72,Good To Do,https://www.interviewbit.com/problems/range-sum-query,Arrays,Prefix Sums,,
73,Must Do,https://leetcode.com/problems/summary-ranges,Arrays,Merge Intervals,,
74,Must Do,https://leetcode.com/problems/meeting-rooms,Arrays,Merge Intervals,,
75,Must Do,https://leetcode.com/problems/check-if-all-1s-are-at-least-length-k-places-away,Arrays,Merge Intervals,,
76,Must Do,https://leetcode.com/problems/merge-intervals,Arrays,Merge Intervals,▶ Striver,▶ NeetCode
77,Must Do,https://leetcode.com/problems/insert-interval,Arrays,Merge Intervals,▶ Striver,▶ NeetCode
78,Must Do,https://leetcode.com/problems/meeting-rooms-ii,Arrays,Merge Intervals,,
79,Must Do,https://leetcode.com/problems/non-overlapping-intervals,Arrays,Merge Intervals,▶ Striver,▶ NeetCode
80,Must Do,https://leetcode.com/problems/interval-list-intersections,Arrays,Merge Intervals,,
81,Must Do,https://leetcode.com/problems/employee-free-time,Arrays,Merge Intervals,,
82,Must Do,https://leetcode.com/problems/minimum-number-of-arrows-to-burst-balloons,Arrays,Merge Intervals,▶ Striver,▶ NeetCode
83,Good To Do,https://codeforces.com/problemset/problem/645/C,Arrays,Merge Intervals,,
84,Good To Do,https://www.geeksforgeeks.org/activity-selection-problem-greedy-algo-1,Arrays,Merge Intervals,▶ Striver,▶ NeetCode
85,Good To Do,https://www.geeksforgeeks.org/n-meetings-in-one-room,Arrays,Merge Intervals,,
86,Good To Do,https://www.interviewbit.com/problems/merge-intervals,Arrays,Merge Intervals,,
87,Good To Do,https://www.interviewbit.com/problems/merge-overlapping-intervals,Arrays,Merge Intervals,,
88,Must Do,https://leetcode.com/problems/longest-common-prefix,Arrays,String Basics & Manipulation,▶ Striver,▶ NeetCode
89,Good To Do,https://codeforces.com/problemset/problem/1734/B,Arrays,String Basics & Manipulation,,
90,Good To Do,https://www.codechef.com/problems/PALIN,Arrays,String Basics & Manipulation,,
91,Good To Do,https://www.codechef.com/problems/SUBCOUNT,Arrays,String Basics & Manipulation,,
92,Good To Do,https://www.geeksforgeeks.org/anagram-substring-search-search-permutations,Arrays,String Basics & Manipulation,,
93,Good To Do,https://www.geeksforgeeks.org/check-if-a-string-is-palindrome,Arrays,String Basics & Manipulation,,
94,Good To Do,https://www.interviewbit.com/problems/palindrome-partitioning,Arrays,String Basics & Manipulation,,
95,Must Do,https://leetcode.com/problems/merge-sorted-array,Arrays,Sorting,▶ Striver,▶ NeetCode
96,Must Do,https://leetcode.com/problems/sort-list,Arrays,Sorting,▶ Striver,▶ NeetCode
97,Extra,https://codeforces.com/problemset/problem/1611/C,Arrays,Sorting,,
98,Extra,https://leetcode.com/problems/h-index,Arrays,Sorting,,
99,Extra,https://leetcode.com/problems/largest-number,Arrays,Sorting,,
100,Extra,https://leetcode.com/problems/minimum-difference-between-highest-and-lowest-of-k-scores,Arrays,Sorting,,
101,Extra,https://leetcode.com/problems/sort-an-array,Arrays,Sorting,▶ Striver,▶ NeetCode
102,Extra,https://leetcode.com/problems/wiggle-sort-ii,Arrays,Sorting,,
103,Extra,https://www.codechef.com/problems/INVCNT,Arrays,Sorting,,
104,Must Do,https://leetcode.com/problems/binary-search,Binary Search,,▶ Striver,▶ NeetCode
105,Must Do,https://leetcode.com/problems/search-insert-position,Binary Search,,▶ Striver,▶ NeetCode
106,Must Do,https://leetcode.com/problems/guess-number-higher-or-lower,Binary Search,,,
107,Must Do,https://leetcode.com/problems/first-bad-version,Binary Search,,,
108,Must Do,https://leetcode.com/problems/valid-perfect-square,Binary Search,,,
109,Must Do,https://leetcode.com/problems/sqrtx,Binary Search,,▶ Striver,▶ NeetCode
110,Must Do,https://leetcode.com/problems/find-minimum-in-rotated-sorted-array,Binary Search,,▶ Striver,▶ NeetCode
111,Must Do,https://leetcode.com/problems/search-a-2d-matrix,Binary Search,,▶ Striver,▶ NeetCode
112,Must Do,https://leetcode.com/problems/search-in-a-binary-search-tree,Binary Search,,▶ Striver,▶ NeetCode
113,Must Do,https://leetcode.com/problems/insert-into-a-binary-search-tree,Binary Search,,▶ Striver,▶ NeetCode
114,Must Do,https://leetcode.com/problems/minimum-absolute-difference-in-bst,Binary Search,,,
115,Must Do,https://leetcode.com/problems/range-sum-of-bst,Binary Search,,,
116,Must Do,https://leetcode.com/problems/increasing-order-search-tree,Binary Search,,,
117,Must Do,https://leetcode.com/problems/construct-binary-search-tree-from-preorder-traversal,Binary Search,,▶ Striver,▶ NeetCode
118,Good To Do,https://codeforces.com/problemset/problem/1201/C,Binary Search,,,
119,Good To Do,https://codeforces.com/problemset/problem/1264/D,Binary Search,,,
120,Good To Do,https://leetcode.com/problems/binary-search-tree-to-greater-sum-tree,Binary Search,,,
121,Good To Do,https://www.codechef.com/problems/BSTOPS,Binary Search,,,
122,Good To Do,https://www.codechef.com/problems/PRATA,Binary Search,,,
123,Good To Do,https://www.geeksforgeeks.org/aggressive-cows-problem,Binary Search,,,
124,Good To Do,https://www.geeksforgeeks.org/aggressive-cows-problem-binary-search,Binary Search,,,
125,Good To Do,https://www.geeksforgeeks.org/allocate-minimum-number-pages,Binary Search,,▶ Striver,▶ NeetCode
126,Good To Do,https://www.geeksforgeeks.org/binary-search,Binary Search,,,
127,Good To Do,https://www.geeksforgeeks.org/binary-search-tree-set-1-search-and-insertion,Binary Search,,,
128,Good To Do,https://www.geeksforgeeks.org/count-occurrences-in-a-sorted-array,Binary Search,,,
129,Good To Do,https://www.geeksforgeeks.org/floor-in-a-sorted-array,Binary Search,,▶ Striver,▶ NeetCode
130,Good To Do,https://www.geeksforgeeks.org/floor-in-binary-search-tree-bst,Binary Search,,▶ Striver,▶ NeetCode
131,Good To Do,https://www.geeksforgeeks.org/inorder-traversal-of-a-threaded-binary-tree,Binary Search,,,
132,Good To Do,https://www.interviewbit.com/problems/matrix-search,Binary Search,,,
133,Must Do,https://leetcode.com/problems/count-of-range-sum,Binary Search,Counting Occurrences,,
134,Must Do,https://leetcode.com/problems/count-negative-numbers-in-a-sorted-matrix,Binary Search,Counting Occurrences,,
135,Must Do,https://leetcode.com/problems/search-in-rotated-sorted-array,Binary Search,Range Search,▶ Striver,▶ NeetCode
136,Must Do,https://leetcode.com/problems/find-first-and-last-position-of-element-in-sorted-array,Binary Search,Range Search,▶ Striver,▶ NeetCode
137,Must Do,https://leetcode.com/problems/find-peak-element,Binary Search,Range Search,▶ Striver,▶ NeetCode
138,Must Do,https://leetcode.com/problems/single-element-in-a-sorted-array,Binary Search,Range Search,▶ Striver,▶ NeetCode
139,Must Do,https://leetcode.com/problems/find-in-mountain-array,Binary Search,Bitonic Array Search,,
140,Must Do,https://leetcode.com/problems/peak-index-in-a-mountain-array,Binary Search,Bitonic Array Search,,
141,Must Do,https://leetcode.com/problems/valid-mountain-array,Binary Search,Bitonic Array Search,,
142,Must Do,https://leetcode.com/problems/missing-number,Binary Search,Range Search,▶ Striver,▶ NeetCode
143,Must Do,https://leetcode.com/problems/koko-eating-bananas,Binary Search,Allocation Problems,▶ Striver,▶ NeetCode
144,Must Do,https://leetcode.com/problems/capacity-to-ship-packages-within-d-days,Binary Search,Allocation Problems,▶ Striver,▶ NeetCode
145,Must Do,https://leetcode.com/problems/minimum-number-of-days-to-make-m-bouquets,Binary Search,Allocation Problems,▶ Striver,▶ NeetCode
146,Must Do,https://leetcode.com/problems/find-k-closest-elements,Binary Search,Counting Occurrences,,
147,Must Do,https://www.interviewbit.com/problems/painters-partition-problem,Binary Search,Allocation Problems,,
148,Must Do,https://leetcode.com/problems/split-array-largest-sum,Binary Search,Allocation Problems,▶ Striver,▶ NeetCode
149,Must Do,https://leetcode.com/problems/count-of-smaller-numbers-after-self,Binary Search,Counting Occurrences,,
150,Extra,https://www.codechef.com/problems/ALLOCATE,Binary Search,Allocation Problems,,
151,Extra,https://codeforces.com/problemset/problem/1517/C,Binary Search,Bitonic Array Search,,
152,Extra,https://leetcode.com/problems/check-if-array-is-sorted-and-rotated,Binary Search,Bitonic Array Search,▶ Striver,▶ NeetCode
153,Extra,https://leetcode.com/problems/longest-mountain-in-array,Binary Search,Bitonic Array Search,,
154,Extra,https://codeforces.com/problemset/problem/1295/D,Binary Search,Counting Occurrences,,
155,Extra,https://www.interviewbit.com/problems/count-element-occurence,Binary Search,Counting Occurrences,,
156,Extra,https://codeforces.com/problemset/problem/1468/H,Binary Search,Range Search,,
157,Extra,https://leetcode.com/problems/find-right-interval,Binary Search,Range Search,,
158,Extra,https://leetcode.com/problems/time-based-key-value-store,Binary Search,Range Search,,
159,Extra,https://www.codechef.com/problems/LOWBOUND,Binary Search,Range Search,,
160,Extra,https://www.interviewbit.com/problems/search-for-a-range,Binary Search,Range Search,,
161,Must Do,https://leetcode.com/problems/find-the-difference,Strings,,,
162,Must Do,https://leetcode.com/problems/ransom-note,Strings,,,
163,Must Do,https://leetcode.com/problems/longest-repeating-character-replacement,Strings,,▶ Striver,▶ NeetCode
164,Must Do,https://leetcode.com/problems/find-all-anagrams-in-a-string,Strings,,,
165,Must Do,https://leetcode.com/problems/longest-substring-with-at-most-two-distinct-characters,Strings,,,
166,Good To Do,https://codeforces.com/problemset/problem/1520/C,Strings,,,
167,Good To Do,https://codeforces.com/problemset/problem/1702/E,Strings,,,
168,Good To Do,https://leetcode.com/problems/valid-palindrome-ii,Strings,,,
169,Good To Do,https://www.codechef.com/problems/WSUB,Strings,,,
170,Good To Do,https://www.geeksforgeeks.org/frequency-of-each-character-in-a-string-using-unordered_map-in-c,Strings,,,
171,Good To Do,https://www.interviewbit.com/problems/all-unique-permutations,Strings,,,
172,Good To Do,https://www.interviewbit.com/problems/palindrome-string,Strings,,,
173,Must Do,https://leetcode.com/problems/two-sum,Strings,Hashmaps,▶ Striver,▶ NeetCode
174,Must Do,https://leetcode.com/problems/valid-palindrome,Strings,Two Pointers,▶ Striver,▶ NeetCode
175,Must Do,https://leetcode.com/problems/reverse-string,Strings,String Basics & Manipulation,,
176,Must Do,https://leetcode.com/problems/max-consecutive-ones-iii,Strings,Sliding Window,,
177,Must Do,https://leetcode.com/problems/substring-with-concatenation-of-all-words,Strings,Sliding Window,,
178,Must Do,https://leetcode.com/problems/valid-anagram,Strings,Hashmaps,▶ Striver,▶ NeetCode
179,Must Do,https://leetcode.com/problems/first-unique-character-in-a-string,Strings,Hashmaps,,
180,Must Do,https://leetcode.com/problems/roman-to-integer,Strings,String Manipulation,▶ Striver,▶ NeetCode
181,Must Do,https://leetcode.com/problems/isomorphic-strings,Strings,Hashmaps,▶ Striver,▶ NeetCode
182,Must Do,https://leetcode.com/problems/word-pattern,Strings,Hashmaps,,
183,Must Do,https://leetcode.com/problems/count-and-say,Strings,String Manipulation,▶ Striver,▶ NeetCode
184,Must Do,https://leetcode.com/problems/add-binary,Strings,String Manipulation,,
185,Must Do,https://leetcode.com/problems/reverse-words-in-a-string-iii,Strings,String Manipulation,,
186,Must Do,https://leetcode.com/problems/group-anagrams,Strings,Hashmaps,,
187,Must Do,https://leetcode.com/problems/reverse-words-in-a-string,Strings,String Basics & Manipulation,▶ Striver,▶ NeetCode
188,Must Do,https://leetcode.com/problems/string-compression,Strings,String Manipulation,,
189,Must Do,https://leetcode.com/problems/zigzag-conversion,Strings,String Manipulation,,
190,Must Do,https://leetcode.com/problems/multiply-strings,Strings,String Manipulation,,
191,Must Do,https://leetcode.com/problems/decode-string,Strings,Regular Expressions / Pattern,,
192,Must Do,https://leetcode.com/problems/regular-expression-matching,Strings,Regular Expressions / Pattern,,
193,Must Do,https://leetcode.com/problems/wildcard-matching,Strings,Regular Expressions / Pattern,▶ Striver,▶ NeetCode
194,Extra,https://leetcode.com/problems/valid-number,Strings,Regular Expressions,,
195,Extra,https://www.interviewbit.com/problems/word-search-board,Strings,Regular Expressions / Pattern,,
196,Extra,https://codeforces.com/problemset/problem/1702/C,Strings,Sliding Window,,
197,Extra,https://leetcode.com/problems/longest-palindromic-substring,Strings,String Basics & Manipulation,▶ Striver,▶ NeetCode
198,Extra,https://www.interviewbit.com/problems/anagram-string,Strings,String Basics & Manipulation,,
199,Extra,https://www.codechef.com/problems/STRREV,Strings,String Manipulation,,
200,Extra,https://www.interviewbit.com/problems/amazing-subarrays,Strings,String Manipulation,,
201,Must Do,https://leetcode.com/problems/power-of-two,Recursion,,▶ Striver,▶ NeetCode
202,Must Do,https://leetcode.com/problems/power-of-three,Recursion,,,
203,Must Do,https://www.geeksforgeeks.org/sum-digit-number-using-recursion,Recursion,,,
204,Must Do,https://www.geeksforgeeks.org/recursive-function-check-string-palindrome,Recursion,,,
205,Must Do,https://www.geeksforgeeks.org/merge-sort,Recursion,,,
206,Must Do,https://leetcode.com/problems/copy-list-with-random-pointer,Recursion,,▶ Striver,▶ NeetCode
207,Must Do,https://leetcode.com/problems/merge-k-sorted-lists,Recursion,,▶ Striver,▶ NeetCode
208,Good To Do,https://leetcode.com/problems/flatten-a-multilevel-doubly-linked-list,Recursion,,,
209,Good To Do,https://leetcode.com/problems/reverse-linked-list-ii,Recursion,,,
210,Good To Do,https://www.codechef.com/problems/RECPOW,Recursion,,,
211,Good To Do,https://www.geeksforgeeks.org/c-program-for-tower-of-hanoi,Recursion,,,
212,Good To Do,https://www.geeksforgeeks.org/print-1-to-n-without-loop,Recursion,,,
213,Good To Do,https://www.geeksforgeeks.org/program-for-factorial-of-a-number,Recursion,,,
214,Good To Do,https://www.geeksforgeeks.org/quick-sort,Recursion,,▶ Striver,▶ NeetCode
215,Good To Do,https://www.geeksforgeeks.org/reverse-a-string-using-recursion,Recursion,,,
216,Good To Do,https://www.interviewbit.com/problems/josephus-problem,Recursion,,,
217,Good To Do,https://www.interviewbit.com/problems/reverse-linked-list,Recursion,,,
218,Must Do,https://www.geeksforgeeks.org/find-all-subsets-of-size-k,Recursion,Backtracking,,
219,Must Do,https://www.geeksforgeeks.org/write-a-c-program-to-print-all-permutations-of-a-given-string,Recursion,Backtracking,,
220,Must Do,https://leetcode.com/problems/subsets,Recursion,Backtracking,▶ Striver,▶ NeetCode
221,Must Do,https://leetcode.com/problems/permutations,Recursion,Backtracking,,
222,Must Do,https://leetcode.com/problems/combination-sum,Recursion,Backtracking,▶ Striver,▶ NeetCode
223,Must Do,https://leetcode.com/problems/word-search,Recursion,Backtracking,▶ Striver,▶ NeetCode
224,Must Do,https://leetcode.com/problems/palindrome-partitioning,Recursion,Backtracking,▶ Striver,▶ NeetCode
225,Must Do,https://leetcode.com/problems/subsets-ii,Recursion,Backtracking,▶ Striver,▶ NeetCode
226,Must Do,https://leetcode.com/problems/n-queens,Recursion,Backtracking,▶ Striver,▶ NeetCode
227,Must Do,https://leetcode.com/problems/sudoku-solver,Recursion,Backtracking,▶ Striver,▶ NeetCode
228,Must Do,https://leetcode.com/problems/word-search-ii,Recursion,Backtracking,,
229,Good To Do,https://codeforces.com/problemset/problem/1535/C,Recursion,Backtracking,,
230,Good To Do,https://www.geeksforgeeks.org/find-all-subsets-of-a-given-set,Recursion,Backtracking,,
231,Good To Do,https://www.geeksforgeeks.org/rat-in-a-maze-problem-when-movement-in-all-possible-directions-is-allowed,Recursion,Backtracking,,
232,Good To Do,https://www.interviewbit.com/problems/combinations,Recursion,Backtracking,,
233,Good To Do,https://www.interviewbit.com/problems/generate-all-parentheses-ii,Recursion,Backtracking,,
234,Must Do,https://leetcode.com/problems/median-of-two-sorted-arrays,Recursion,Divide & Conquer,▶ Striver,▶ NeetCode
235,Must Do,https://leetcode.com/problems/fibonacci-number,Recursion,Basic Recursive Functions,,
236,Must Do,https://leetcode.com/problems/climbing-stairs,Recursion,Basic Recursive Functions,▶ Striver,▶ NeetCode
237,Must Do,https://leetcode.com/problems/powx-n,Recursion,Basic Recursive Functions,▶ Striver,▶ NeetCode
238,Must Do,https://leetcode.com/problems/generate-parentheses,Recursion,Recursive Search,▶ Striver,▶ NeetCode
239,Must Do,https://leetcode.com/problems/letter-combinations-of-a-phone-number,Recursion,Recursive Search,▶ Striver,▶ NeetCode
240,Must Do,https://leetcode.com/problems/decode-ways,Recursion,Recursive Search,,
241,Must Do,https://leetcode.com/problems/reverse-linked-list,Recursion,Basic Recursive Functions,▶ Striver,▶ NeetCode
242,Must Do,https://leetcode.com/problems/middle-of-the-linked-list,Recursion,Fast and Slow Pointers,▶ Striver,▶ NeetCode
243,Must Do,https://leetcode.com/problems/merge-two-sorted-lists,Recursion,Dummy Node Technique,,
244,Must Do,https://leetcode.com/problems/linked-list-cycle,Recursion,Fast and Slow Pointers,▶ Striver,▶ NeetCode
245,Must Do,https://leetcode.com/problems/palindrome-linked-list,Recursion,Fast and Slow Pointers,▶ Striver,▶ NeetCode
246,Must Do,https://leetcode.com/problems/linked-list-cycle-ii,Recursion,Fast and Slow Pointers,▶ Striver,▶ NeetCode
247,Must Do,https://leetcode.com/problems/remove-nth-node-from-end-of-list,Recursion,Fast and Slow Pointers,▶ Striver,▶ NeetCode
248,Must Do,https://leetcode.com/problems/add-two-numbers,Recursion,Dummy Node Technique,▶ Striver,▶ NeetCode
249,Must Do,https://leetcode.com/problems/reorder-list,Recursion,Fast and Slow Pointers,,
250,Must Do,https://leetcode.com/problems/odd-even-linked-list,Recursion,In-Place Reversal,▶ Striver,▶ NeetCode
251,Must Do,https://leetcode.com/problems/swap-nodes-in-pairs,Recursion,Dummy Node Technique,,
252,Must Do,https://leetcode.com/problems/reverse-nodes-in-k-group,Recursion,In-Place Reversal,▶ Striver,▶ NeetCode
253,Must Do,https://leetcode.com/problems/kth-largest-element-in-an-array,Recursion,Divide & Conquer,▶ Striver,▶ NeetCode
254,Extra,https://codeforces.com/problemset/problem/1175/A,Recursion,Basic Recursive Functions,,
255,Extra,https://codeforces.com/problemset/problem/1649/C,Recursion,Divide & Conquer,,
256,Extra,https://leetcode.com/problems/beautiful-array,Recursion,Divide & Conquer,,
257,Extra,https://www.interviewbit.com/problems/kth-smallest-element-in-the-array,Recursion,Divide & Conquer,,
258,Extra,https://codeforces.com/problemset/problem/1578/C,Recursion,Dummy Node Technique,,
259,Extra,https://leetcode.com/problems/partition-list,Recursion,Dummy Node Technique,,
260,Extra,https://www.interviewbit.com/problems/merge-two-sorted-lists,Recursion,Dummy Node Technique,,
261,Extra,https://www.interviewbit.com/problems/list-cycle,Recursion,Fast and Slow Pointers,,
262,Extra,https://leetcode.com/problems/reverse-nodes-in-even-length-groups,Recursion,In-Place Reversal,▶ Striver,▶ NeetCode
263,Extra,https://leetcode.com/problems/rotate-list,Recursion,In-Place Reversal,▶ Striver,▶ NeetCode
264,Extra,https://leetcode.com/problems/swapping-nodes-in-a-linked-list,Recursion,In-Place Reversal,,
265,Extra,https://www.interviewbit.com/problems/k-reverse-linked-list,Recursion,In-Place Reversal,,
266,Extra,https://leetcode.com/problems/all-paths-from-source-to-target,Recursion,Recursive Search,,
267,Must Do,https://leetcode.com/problems/intersection-of-two-linked-lists,Linked List,,▶ Striver,▶ NeetCode
268,Good To Do,https://leetcode.com/problems/lfu-cache,Linked List,,▶ Striver,▶ NeetCode
269,Good To Do,https://www.geeksforgeeks.org/detect-loop-in-a-linked-list,Linked List,,,
270,Good To Do,https://www.geeksforgeeks.org/flattening-a-linked-list,Linked List,,▶ Striver,▶ NeetCode
271,Good To Do,https://www.geeksforgeeks.org/given-a-linked-list-which-is-sorted-how-will-you-insert-in-sorted-way,Linked List,,,
272,Good To Do,https://www.interviewbit.com/problems/reorder-list,Linked List,,,
273,Must Do,https://leetcode.com/problems/delete-node-in-a-linked-list,Linked List,Dummy Node Technique,▶ Striver,▶ NeetCode
274,Must Do,https://leetcode.com/problems/remove-linked-list-elements,Linked List,Dummy Node Technique,,
275,Must Do,https://leetcode.com/problems/score-of-parentheses,Stacks,Stack Basics,,
276,Must Do,https://leetcode.com/problems/valid-parentheses,Stacks,Expression Evaluation,▶ Striver,▶ NeetCode
277,Must Do,https://leetcode.com/problems/implement-stack-using-queues,Stacks,Design Problems,▶ Striver,▶ NeetCode
278,Must Do,https://leetcode.com/problems/implement-queue-using-stacks,Stacks,Design Problems,▶ Striver,▶ NeetCode
279,Must Do,https://leetcode.com/problems/next-greater-element-i,Stacks,Monotonic Stack,▶ Striver,▶ NeetCode
280,Must Do,https://leetcode.com/problems/baseball-game,Stacks,Stack Basics & Monotonic Stack,,
281,Must Do,https://leetcode.com/problems/remove-all-adjacent-duplicates-in-string,Stacks,Stack Basics & Monotonic Stack,,
282,Must Do,https://leetcode.com/problems/backspace-string-compare,Stacks,Stack Basics & Monotonic Stack,,
283,Must Do,https://leetcode.com/problems/min-stack,Stacks,Design Problems,▶ Striver,▶ NeetCode
284,Must Do,https://leetcode.com/problems/daily-temperatures,Stacks,Monotonic Stack,▶ Striver,▶ NeetCode
285,Must Do,https://leetcode.com/problems/evaluate-reverse-polish-notation,Stacks,Expression Evaluation,▶ Striver,▶ NeetCode
286,Must Do,https://leetcode.com/problems/asteroid-collision,Stacks,Stack Basics & Monotonic Stack,▶ Striver,▶ NeetCode
287,Must Do,https://leetcode.com/problems/online-stock-span,Stacks,Monotonic Stack,▶ Striver,▶ NeetCode
288,Must Do,https://leetcode.com/problems/largest-rectangle-in-histogram,Stacks,Monotonic Stack,▶ Striver,▶ NeetCode
289,Must Do,https://leetcode.com/problems/basic-calculator,Stacks,Expression Evaluation,,
290,Must Do,https://leetcode.com/problems/maximal-rectangle,Stacks,Monotonic Stack,▶ Striver,▶ NeetCode
291,Extra,https://leetcode.com/problems/132-pattern,Stacks,,,
292,Extra,https://leetcode.com/problems/design-circular-queue,Stacks,Design Problems,,
293,Extra,https://leetcode.com/problems/lru-cache,Stacks,Design Problems,▶ Striver,▶ NeetCode
294,Extra,https://www.interviewbit.com/problems/min-stack,Stacks,Design Problems,,
295,Extra,https://leetcode.com/problems/basic-calculator-ii,Stacks,Expression Evaluation,,
296,Extra,https://www.interviewbit.com/problems/evaluate-expression,Stacks,Expression Evaluation,,
297,Extra,https://codeforces.com/problemset/problem/1691/C,Stacks,Monotonic Stack,,
298,Extra,https://www.interviewbit.com/problems/nearest-smaller-element,Stacks,Monotonic Stack,▶ Striver,▶ NeetCode
299,Extra,https://codeforces.com/problemset/problem/1579/E,Stacks,Sliding Window & Deque,,
300,Extra,https://leetcode.com/problems/constrained-subsequence-sum,Stacks,Sliding Window & Deque,,
301,Extra,https://leetcode.com/problems/jump-game-vi,Stacks,Sliding Window & Deque,,
302,Extra,https://leetcode.com/problems/longest-continuous-subarray-with-absolute-diff-less-than-or-equal-to-limit,Stacks,Sliding Window & Deque,,
303,Extra,https://www.interviewbit.com/problems/sliding-window-maximum,Stacks,Sliding Window & Deque,,
304,Extra,https://leetcode.com/problems/shortest-subarray-with-sum-at-least-k,Stacks,Sliding Window & Monotonic Queue,,
305,Extra,https://www.geeksforgeeks.org/find-the-maximum-of-minimums-for-every-window-size-in-a-given-array,Stacks,Sliding Window & Monotonic Queue,,
306,Extra,https://codeforces.com/problemset/problem/1506/E,Stacks,Stack Basics & Monotonic Stack,,
307,Extra,https://www.codechef.com/problems/COMPILER,Stacks,Stack Basics & Monotonic Stack,,
308,Extra,https://www.codechef.com/problems/STACKS,Stacks,Stack Basics & Monotonic Stack,,
309,Extra,https://www.geeksforgeeks.org/next-greater-element,Stacks,Stack Basics & Monotonic Stack,,
310,Extra,https://www.geeksforgeeks.org/previous-greater-element,Stacks,Stack Basics & Monotonic Stack,,
311,Must Do,https://leetcode.com/problems/count-good-nodes-in-binary-tree,Trees,Tree Traversals (Must Know),,
312,Must Do,https://leetcode.com/problems/binary-tree-inorder-traversal,Trees,Traversal,▶ Striver,▶ NeetCode
313,Must Do,https://leetcode.com/problems/binary-tree-preorder-traversal,Trees,Tree Traversals — Must Know All 4,▶ Striver,▶ NeetCode
314,Must Do,https://leetcode.com/problems/binary-tree-postorder-traversal,Trees,Tree Traversals — Must Know All 4,▶ Striver,▶ NeetCode
315,Must Do,https://leetcode.com/problems/maximum-depth-of-binary-tree,Trees,Traversal & Search,▶ Striver,▶ NeetCode
316,Must Do,https://leetcode.com/problems/minimum-depth-of-binary-tree,Trees,Traversal & Search,,
317,Must Do,https://leetcode.com/problems/symmetric-tree,Trees,Mirror & Symmetry,▶ Striver,▶ NeetCode
318,Must Do,https://leetcode.com/problems/same-tree,Trees,Mirror & Symmetry,▶ Striver,▶ NeetCode
319,Must Do,https://leetcode.com/problems/invert-binary-tree,Trees,Mirror & Symmetry,▶ Striver,▶ NeetCode
320,Must Do,https://leetcode.com/problems/balanced-binary-tree,Trees,Validation & Properties,▶ Striver,▶ NeetCode
321,Must Do,https://leetcode.com/problems/path-sum,Trees,Path Sum & Root to Leaf,,
322,Must Do,https://leetcode.com/problems/binary-tree-level-order-traversal,Trees,Traversal,▶ Striver,▶ NeetCode
323,Must Do,https://leetcode.com/problems/binary-tree-right-side-view,Trees,Traversal,▶ Striver,▶ NeetCode
324,Must Do,https://leetcode.com/problems/binary-tree-zigzag-level-order-traversal,Trees,Traversal,▶ Striver,▶ NeetCode
325,Must Do,https://leetcode.com/problems/diameter-of-binary-tree,Trees,Traversal & Search,▶ Striver,▶ NeetCode
326,Must Do,https://leetcode.com/problems/lowest-common-ancestor-of-a-binary-tree,Trees,Traversal & Search,▶ Striver,▶ NeetCode
327,Must Do,https://leetcode.com/problems/path-sum-ii,Trees,Path Sum & Root to Leaf,,
328,Must Do,https://leetcode.com/problems/flatten-binary-tree-to-linked-list,Trees,Tree Traversals — Must Know All 4,▶ Striver,▶ NeetCode
329,Must Do,https://leetcode.com/problems/binary-tree-maximum-path-sum,Trees,Path Sum & Root to Leaf,▶ Striver,▶ NeetCode
330,Must Do,https://leetcode.com/problems/serialize-and-deserialize-binary-tree,Trees,Tree Construction,▶ Striver,▶ NeetCode
331,Must Do,https://leetcode.com/problems/vertical-order-traversal-of-a-binary-tree,Trees,Traversal,▶ Striver,▶ NeetCode
332,Must Do,https://leetcode.com/problems/convert-sorted-array-to-binary-search-tree,Trees,Tree Construction,,
333,Must Do,https://leetcode.com/problems/validate-binary-search-tree,Trees,Traversal & Search,▶ Striver,▶ NeetCode
334,Must Do,https://leetcode.com/problems/kth-smallest-element-in-a-bst,Trees,Traversal & Search,▶ Striver,▶ NeetCode
335,Must Do,https://leetcode.com/problems/lowest-common-ancestor-of-a-binary-search-tree,Trees,Traversal & Search,▶ Striver,▶ NeetCode
336,Must Do,https://leetcode.com/problems/delete-node-in-a-bst,Trees,Tree Construction,▶ Striver,▶ NeetCode
337,Must Do,https://leetcode.com/problems/recover-binary-search-tree,Trees,Construction,▶ Striver,▶ NeetCode
338,Must Do,https://leetcode.com/problems/kth-largest-element-in-a-stream,Trees,Finding Kth Largest/Smallest,▶ Striver,▶ NeetCode
339,Must Do,https://leetcode.com/problems/top-k-frequent-elements,Trees,Top K Frequent Elements,▶ Striver,▶ NeetCode
340,Must Do,https://leetcode.com/problems/top-k-frequent-words,Trees,Top K Frequent Elements,,
341,Must Do,https://leetcode.com/problems/k-closest-points-to-origin,Trees,Top K Frequent Elements,,
342,Must Do,https://leetcode.com/problems/task-scheduler,Trees,Top K Frequent Elements,▶ Striver,▶ NeetCode
343,Must Do,https://leetcode.com/problems/reorganize-string,Trees,Top K Frequent Elements,,
344,Must Do,https://leetcode.com/problems/find-median-from-data-stream,Trees,Finding Kth Largest/Smallest,▶ Striver,▶ NeetCode
345,Must Do,https://leetcode.com/problems/smallest-range-covering-elements-from-k-lists,Trees,Merge K Lists,,
346,Must Do,https://leetcode.com/problems/sliding-window-median,Trees,Design with PQ,,
347,Extra,https://leetcode.com/problems/construct-binary-tree-from-inorder-and-postorder-traversal,Trees,Construction,▶ Striver,▶ NeetCode
348,Extra,https://leetcode.com/problems/ipo,Trees,Design with PQ,,
349,Extra,https://leetcode.com/problems/ugly-number-ii,Trees,Design with PQ,,
350,Extra,https://www.interviewbit.com/problems/ways-to-form-max-heap,Trees,Design with PQ,,
351,Extra,https://leetcode.com/problems/find-k-th-smallest-pair-distance,Trees,Finding Kth Largest/Smallest,,
352,Extra,https://www.interviewbit.com/problems/kth-largest-element-in-the-array,Trees,Finding Kth Largest/Smallest,,
353,Extra,https://leetcode.com/problems/find-k-pairs-with-smallest-sums,Trees,Merge K Lists,,
354,Extra,https://leetcode.com/problems/kth-smallest-element-in-a-sorted-matrix,Trees,Merge K Lists,▶ Striver,▶ NeetCode
355,Extra,https://www.codechef.com/problems/MERGEKLISTS,Trees,Merge K Lists,,
356,Extra,https://leetcode.com/problems/flip-equivalent-binary-trees,Trees,Mirror & Symmetry,,
357,Extra,https://leetcode.com/problems/subtree-of-another-tree,Trees,Mirror & Symmetry,,
358,Extra,https://www.interviewbit.com/problems/symmetric-binary-tree,Trees,Mirror & Symmetry,,
359,Extra,https://leetcode.com/problems/smallest-string-starting-from-leaf,Trees,Path Sum & Root to Leaf,,
360,Extra,https://leetcode.com/problems/sum-root-to-leaf-numbers,Trees,Path Sum & Root to Leaf,,
361,Extra,https://www.interviewbit.com/problems/path-sum,Trees,Path Sum & Root to Leaf,,
362,Extra,https://codeforces.com/problemset/problem/1446/C,Trees,Top K Frequent Elements,,
363,Extra,https://leetcode.com/problems/sort-characters-by-frequency,Trees,Top K Frequent Elements,▶ Striver,▶ NeetCode
364,Extra,https://www.interviewbit.com/problems/n-max-pair-combinations,Trees,Top K Frequent Elements,,
365,Extra,https://codeforces.com/problemset/problem/1528/C,Trees,Traversal,,
366,Extra,https://leetcode.com/problems/n-ary-tree-level-order-traversal,Trees,Traversal,,
367,Extra,https://www.interviewbit.com/problems/inorder-traversal,Trees,Traversal,,
368,Extra,https://codeforces.com/problemset/problem/1017/E,Trees,Traversal & Search,,
369,Extra,https://www.interviewbit.com/problems/least-common-ancestor,Trees,Traversal & Search,,
370,Extra,https://codeforces.com/problemset/problem/1379/C,Trees,Tree Construction,,
371,Extra,https://leetcode.com/problems/construct-binary-tree-from-preorder-and-inorder-traversal,Trees,Tree Construction,▶ Striver,▶ NeetCode
372,Extra,https://www.interviewbit.com/problems/sorted-array-to-balanced-bst,Trees,Tree Construction,,
373,Extra,https://www.codechef.com/problems/MIRRORT,Trees,Tree Traversals — Must Know All 4,,
374,Extra,https://www.geeksforgeeks.org/count-leaves-in-a-binary-tree,Trees,Tree Traversals — Must Know All 4,,
375,Extra,https://www.geeksforgeeks.org/level-order-tree-traversal,Trees,Tree Traversals — Must Know All 4,,
376,Extra,https://www.geeksforgeeks.org/write-a-c-program-to-find-the-maximum-depth-or-height-of-a-tree,Trees,Tree Traversals — Must Know All 4,,
377,Extra,https://leetcode.com/problems/check-completeness-of-a-binary-tree,Trees,Validation & Properties,,
378,Extra,https://leetcode.com/problems/count-complete-tree-nodes,Trees,Validation & Properties,▶ Striver,▶ NeetCode
379,Extra,https://leetcode.com/problems/cousins-in-binary-tree,Trees,Validation & Properties,,
380,Extra,https://leetcode.com/problems/find-leaves-of-binary-tree,Trees,Validation & Properties,,
381,Extra,https://leetcode.com/problems/maximum-width-of-binary-tree,Trees,Validation & Properties,▶ Striver,▶ NeetCode
382,Extra,https://leetcode.com/problems/sum-of-left-leaves,Trees,Validation & Properties,,
383,Extra,https://www.codechef.com/problems/TREEROOT,Trees,Validation & Properties,,
384,Extra,https://www.interviewbit.com/problems/valid-binary-search-tree,Trees,Validation & Properties,,
385,Must Do,https://leetcode.com/problems/last-stone-weight,Heaps,Heap Fundamentals & Top K Pattern,,
386,Must Do,https://leetcode.com/problems/relative-ranks,Heaps,Heap Fundamentals & Top K Pattern,,
387,Must Do,https://leetcode.com/problems/maximum-product-of-two-elements-in-an-array,Heaps,Heap Fundamentals & Top K Pattern,,
388,Must Do,https://leetcode.com/problems/take-gifts-from-the-richest-pile,Heaps,Heap Fundamentals & Top K Pattern,,
389,Good To Do,https://www.codechef.com/problems/CHEFSQ,Heaps,Heap Fundamentals & Top K Pattern,,
390,Good To Do,https://www.geeksforgeeks.org/binary-heap,Heaps,Heap Fundamentals & Top K Pattern,▶ Striver,▶ NeetCode
391,Good To Do,https://www.interviewbit.com/problems/magician-and-chocolates,Heaps,Heap Fundamentals & Top K Pattern,,
392,Must Do,https://leetcode.com/problems/min-cost-climbing-stairs,Dynamic Programming,1D DP — Linear Problems,,
393,Must Do,https://leetcode.com/problems/n-th-tribonacci-number,Dynamic Programming,1D DP — Linear Problems,,
394,Must Do,https://leetcode.com/problems/divisor-game,Dynamic Programming,1D DP — Linear Problems,,
395,Must Do,https://leetcode.com/problems/house-robber,Dynamic Programming,1D DP — Linear Problems,▶ Striver,▶ NeetCode
396,Must Do,https://leetcode.com/problems/house-robber-ii,Dynamic Programming,1D DP — Linear Problems,▶ Striver,▶ NeetCode
397,Must Do,https://leetcode.com/problems/jump-game-ii,Dynamic Programming,1D DP — Linear Problems,▶ Striver,▶ NeetCode
398,Must Do,https://leetcode.com/problems/longest-valid-parentheses,Dynamic Programming,1D DP — Linear Problems,,
399,Good To Do,https://codeforces.com/problemset/problem/1613/C,Dynamic Programming,1D DP — Linear Problems,,
400,Good To Do,https://www.codechef.com/problems/FROGV,Dynamic Programming,1D DP — Linear Problems,,
401,Good To Do,https://www.geeksforgeeks.org/count-ways-reach-nth-stair,Dynamic Programming,1D DP — Linear Problems,,
402,Good To Do,https://www.geeksforgeeks.org/min-cost-path-dp-6,Dynamic Programming,1D DP — Linear Problems,,
403,Good To Do,https://www.geeksforgeeks.org/minimum-cost-to-reach-last-stone,Dynamic Programming,1D DP — Linear Problems,,
404,Good To Do,https://www.interviewbit.com/problems/longest-increasing-subsequence,Dynamic Programming,1D DP — Linear Problems,,
405,Must Do,https://leetcode.com/problems/pascals-triangle-ii,Dynamic Programming,2D DP — Grid & String Problems,,
406,Must Do,https://leetcode.com/problems/pascals-triangle,Dynamic Programming,"2D DP — Grid, Knapsack & String Problems",▶ Striver,▶ NeetCode
407,Must Do,https://leetcode.com/problems/is-subsequence,Dynamic Programming,"2D DP — Grid, Knapsack & String Problems",,
408,Must Do,https://leetcode.com/problems/jump-game,Dynamic Programming,Optimal Substructure,▶ Striver,▶ NeetCode
409,Must Do,https://leetcode.com/problems/coin-change,Dynamic Programming,Optimal Substructure,▶ Striver,▶ NeetCode
410,Must Do,https://leetcode.com/problems/longest-increasing-subsequence,Dynamic Programming,Optimal Substructure,▶ Striver,▶ NeetCode
411,Must Do,https://leetcode.com/problems/word-break,Dynamic Programming,Optimal Substructure,,
412,Must Do,https://leetcode.com/problems/maximum-product-subarray,Dynamic Programming,Optimal Substructure,▶ Striver,▶ NeetCode
413,Must Do,https://leetcode.com/problems/unique-paths,Dynamic Programming,Optimal Substructure,▶ Striver,▶ NeetCode
414,Must Do,https://leetcode.com/problems/unique-paths-ii,Dynamic Programming,Counting Problems,▶ Striver,▶ NeetCode
415,Must Do,https://leetcode.com/problems/minimum-path-sum,Dynamic Programming,Optimal Substructure,▶ Striver,▶ NeetCode
416,Must Do,https://leetcode.com/problems/longest-common-subsequence,Dynamic Programming,Optimal Substructure,▶ Striver,▶ NeetCode
417,Must Do,https://leetcode.com/problems/edit-distance,Dynamic Programming,Optimal Substructure,▶ Striver,▶ NeetCode
418,Must Do,https://leetcode.com/problems/coin-change-ii,Dynamic Programming,Counting Problems,▶ Striver,▶ NeetCode
419,Must Do,https://leetcode.com/problems/partition-equal-subset-sum,Dynamic Programming,Knapsack Problems,▶ Striver,▶ NeetCode
420,Must Do,https://leetcode.com/problems/target-sum,Dynamic Programming,Knapsack Problems,▶ Striver,▶ NeetCode
421,Must Do,https://www.interviewbit.com/problems/0-1-knapsack,Dynamic Programming,Knapsack Problems,,
422,Must Do,https://leetcode.com/problems/burst-balloons,Dynamic Programming,Interval / Range DP,▶ Striver,▶ NeetCode
423,Must Do,https://leetcode.com/problems/distinct-subsequences,Dynamic Programming,Counting Problems,▶ Striver,▶ NeetCode
424,Extra,https://www.geeksforgeeks.org/count-possible-paths-top-left-bottom-right-nxm-matrix,Dynamic Programming,"2D DP — Grid, Knapsack & String Problems",,
425,Extra,https://www.geeksforgeeks.org/longest-common-subsequence-dp-4,Dynamic Programming,"2D DP — Grid, Knapsack & String Problems",,
426,Extra,https://www.geeksforgeeks.org/matrix-chain-multiplication-dp-8,Dynamic Programming,"2D DP — Grid, Knapsack & String Problems",▶ Striver,▶ NeetCode
427,Extra,https://www.interviewbit.com/problems/dungeon-princess,Dynamic Programming,"2D DP — Grid, Knapsack & String Problems",,
428,Extra,https://codeforces.com/problemset/problem/1463/D,Dynamic Programming,Counting Problems,,
429,Extra,https://leetcode.com/problems/count-all-valid-pickup-and-delivery-options,Dynamic Programming,Counting Problems,,
430,Extra,https://leetcode.com/problems/number-of-dice-rolls-with-target-sum,Dynamic Programming,Counting Problems,,
431,Extra,https://leetcode.com/problems/number-of-ways-to-stay-in-the-same-place-after-some-steps,Dynamic Programming,Counting Problems,,
432,Extra,https://www.codechef.com/problems/COINS,Dynamic Programming,Counting Problems,,
433,Extra,https://www.interviewbit.com/problems/stairs,Dynamic Programming,Counting Problems,,
434,Extra,https://codeforces.com/problemset/problem/1527/E,Dynamic Programming,Interval / Range DP,,
435,Extra,https://leetcode.com/problems/minimum-score-triangulation-of-polygon,Dynamic Programming,Interval / Range DP,,
436,Extra,https://leetcode.com/problems/palindrome-partitioning-ii,Dynamic Programming,Interval / Range DP,▶ Striver,▶ NeetCode
437,Extra,https://leetcode.com/problems/remove-boxes,Dynamic Programming,Interval / Range DP,,
438,Extra,https://leetcode.com/problems/strange-printer,Dynamic Programming,Interval / Range DP,,
439,Extra,https://leetcode.com/problems/minimum-cost-to-merge-stones,Dynamic Programming,Interval/Range DP,,
440,Extra,https://leetcode.com/problems/last-stone-weight-ii,Dynamic Programming,Knapsack Problems,,
441,Extra,https://leetcode.com/problems/ones-and-zeroes,Dynamic Programming,Knapsack Problems,,
442,Extra,https://www.codechef.com/problems/KNAPSACK,Dynamic Programming,Knapsack Problems,,
443,Extra,https://www.geeksforgeeks.org/0-1-knapsack-problem-dp-10,Dynamic Programming,Knapsack Problems,▶ Striver,▶ NeetCode
444,Extra,https://codeforces.com/problemset/problem/1526/C,Dynamic Programming,Optimal Substructure,,
445,Extra,https://www.interviewbit.com/problems/longest-common-subsequence,Dynamic Programming,Optimal Substructure,,
446,Extra,https://codeforces.com/problemset/problem/678/E,Dynamic Programming,Probability & Expectations,,
447,Extra,https://leetcode.com/problems/knight-probability-in-chessboard,Dynamic Programming,Probability & Expectations,,
448,Extra,https://leetcode.com/problems/new-21-game,Dynamic Programming,Probability & Expectations,,
449,Extra,https://leetcode.com/problems/soup-servings,Dynamic Programming,Probability & Expectations,,
450,Extra,https://leetcode.com/problems/toss-strange-coins,Dynamic Programming,Probability & Expectations,,
451,Extra,https://www.geeksforgeeks.org/find-probability-path-matrix,Dynamic Programming,Probability & Expectations,,
452,Must Do,https://leetcode.com/problems/find-center-of-star-graph,Graphs,Graph Basics — BFS & DFS,,
453,Must Do,https://leetcode.com/problems/employee-importance,Graphs,Graph Basics — BFS & DFS,,
454,Must Do,https://leetcode.com/problems/shortest-path-to-get-all-keys,Graphs,Graph Basics — BFS & DFS,,
455,Must Do,https://leetcode.com/problems/find-if-path-exists-in-graph,Graphs,Graph BFS & DFS Basics,,
456,Must Do,https://leetcode.com/problems/flood-fill,Graphs,Graph BFS & DFS Basics,▶ Striver,▶ NeetCode
457,Must Do,https://leetcode.com/problems/island-perimeter,Graphs,Graph BFS & DFS Basics,,
458,Must Do,https://leetcode.com/problems/number-of-islands,Graphs,Finding Connected Components,▶ Striver,▶ NeetCode
459,Must Do,https://leetcode.com/problems/max-area-of-island,Graphs,Finding Connected Components,,
460,Must Do,https://leetcode.com/problems/rotting-oranges,Graphs,Shortest Path Finding,▶ Striver,▶ NeetCode
461,Must Do,https://leetcode.com/problems/01-matrix,Graphs,Graph BFS & DFS Basics,▶ Striver,▶ NeetCode
462,Must Do,https://leetcode.com/problems/number-of-provinces,Graphs,Finding Connected Components,▶ Striver,▶ NeetCode
463,Must Do,https://leetcode.com/problems/clone-graph,Graphs,Graph BFS & DFS Basics,,
464,Must Do,https://leetcode.com/problems/course-schedule,Graphs,Cycle Detection,▶ Striver,▶ NeetCode
465,Must Do,https://leetcode.com/problems/course-schedule-ii,Graphs,Cycle Detection,▶ Striver,▶ NeetCode
466,Must Do,https://leetcode.com/problems/word-ladder,Graphs,Shortest Path Finding,▶ Striver,▶ NeetCode
467,Must Do,https://leetcode.com/problems/find-the-town-judge,Graphs,"Shortest Path, MST & Union-Find",,
468,Must Do,https://leetcode.com/problems/network-delay-time,Graphs,Shortest Path Finding,▶ Striver,▶ NeetCode
469,Must Do,https://leetcode.com/problems/path-with-minimum-effort,Graphs,Shortest Path Finding,▶ Striver,▶ NeetCode
470,Must Do,https://leetcode.com/problems/cheapest-flights-within-k-stops,Graphs,Shortest Path Finding,▶ Striver,▶ NeetCode
471,Must Do,https://leetcode.com/problems/is-graph-bipartite,Graphs,Graph Coloring / Bipartite,▶ Striver,▶ NeetCode
472,Must Do,https://leetcode.com/problems/redundant-connection,Graphs,Cycle Detection,,
473,Must Do,https://leetcode.com/problems/min-cost-to-connect-all-points,Graphs,Minimum Spanning Tree,,
474,Must Do,https://leetcode.com/problems/find-eventual-safe-states,Graphs,Cycle Detection,▶ Striver,▶ NeetCode
475,Must Do,https://leetcode.com/problems/word-ladder-ii,Graphs,"Shortest Path, MST & Union-Find",▶ Striver,▶ NeetCode
476,Must Do,https://leetcode.com/problems/longest-increasing-path-in-a-matrix,Graphs,DAG Traversal (Topological Sort),,
477,Extra,https://codeforces.com/problemset/problem/1385/E,Graphs,Cycle Detection,,
478,Extra,https://www.geeksforgeeks.org/detect-cycle-in-a-graph,Graphs,Cycle Detection,▶ Striver,▶ NeetCode
479,Extra,https://www.geeksforgeeks.org/given-sorted-dictionary-find-precedence-characters,Graphs,DAG Traversal,▶ Striver,▶ NeetCode
480,Extra,https://www.geeksforgeeks.org/topological-sorting,Graphs,DAG Traversal,▶ Striver,▶ NeetCode
481,Extra,https://codeforces.com/problemset/problem/510/C,Graphs,DAG Traversal (Topological Sort),,
482,Extra,https://leetcode.com/problems/parallel-courses,Graphs,DAG Traversal (Topological Sort),,
483,Extra,https://leetcode.com/problems/sort-items-by-groups-respecting-dependencies,Graphs,DAG Traversal (Topological Sort),,
484,Extra,https://codeforces.com/problemset/problem/1551/D,Graphs,Finding Connected Components,,
485,Extra,https://leetcode.com/problems/count-sub-islands,Graphs,Finding Connected Components,,
486,Extra,https://leetcode.com/problems/number-of-connected-components-in-an-undirected-graph,Graphs,Finding Connected Components,,
487,Extra,https://codeforces.com/problemset/problem/1353/B,Graphs,Graph BFS & DFS Basics,,
488,Extra,https://www.codechef.com/problems/BFSEXAM,Graphs,Graph BFS & DFS Basics,,
489,Extra,https://www.geeksforgeeks.org/breadth-first-search-or-bfs-for-a-graph,Graphs,Graph BFS & DFS Basics,,
490,Extra,https://www.geeksforgeeks.org/depth-first-search-or-dfs-for-a-graph,Graphs,Graph BFS & DFS Basics,▶ Striver,▶ NeetCode
491,Extra,https://www.geeksforgeeks.org/graph-and-its-representations,Graphs,Graph BFS & DFS Basics,▶ Striver,▶ NeetCode
492,Extra,https://www.interviewbit.com/problems/path-in-directed-graph,Graphs,Graph BFS & DFS Basics,,
493,Extra,https://www.geeksforgeeks.org/graph-coloring-applications,Graphs,Graph Coloring,,
494,Extra,https://www.geeksforgeeks.org/m-coloring-problem-backtracking-5,Graphs,Graph Coloring,,
495,Extra,https://codeforces.com/problemset/problem/1537/C,Graphs,Graph Coloring / Bipartite,,
496,Extra,https://leetcode.com/problems/flower-planting-with-no-adjacent,Graphs,Graph Coloring / Bipartite,,
497,Extra,https://leetcode.com/problems/possible-bipartition,Graphs,Graph Coloring / Bipartite,,
498,Extra,https://www.interviewbit.com/problems/graph-coloring,Graphs,Graph Coloring / Bipartite,,
499,Extra,https://codeforces.com/problemset/problem/1468/G,Graphs,Minimum Spanning Tree,,
500,Extra,https://leetcode.com/problems/connecting-cities-with-minimum-cost,Graphs,Minimum Spanning Tree,,
501,Extra,https://leetcode.com/problems/number-of-operations-to-make-network-connected,Graphs,Minimum Spanning Tree,▶ Striver,▶ NeetCode
502,Extra,https://www.codechef.com/problems/MST,Graphs,Minimum Spanning Tree,,
503,Extra,https://www.geeksforgeeks.org/minimum-cost-to-supply-water-to-all-houses-in-a-village,Graphs,Minimum Spanning Tree,,
504,Extra,https://codeforces.com/problemset/problem/1486/E,Graphs,Shortest Path Finding,,
505,Extra,https://leetcode.com/problems/bus-routes,Graphs,Shortest Path Finding,,
506,Extra,https://leetcode.com/problems/jump-game-iii,Graphs,Shortest Path Finding,,
507,Extra,https://leetcode.com/problems/minimum-genetic-mutation,Graphs,Shortest Path Finding,,
508,Extra,https://leetcode.com/problems/shortest-path-in-binary-matrix,Graphs,Shortest Path Finding,▶ Striver,▶ NeetCode
509,Extra,https://www.codechef.com/problems/DIGJUMP,Graphs,Shortest Path Finding,,
510,Extra,https://www.interviewbit.com/problems/dijkstras,Graphs,Shortest Path Finding,,
511,Extra,https://leetcode.com/problems/critical-connections-in-a-network,Graphs,"Shortest Path, MST & Union-Find",▶ Striver,▶ NeetCode
512,Extra,https://www.geeksforgeeks.org/dijkstras-shortest-path-algorithm-greedy-algo-7,Graphs,"Shortest Path, MST & Union-Find",,
513,Extra,https://www.geeksforgeeks.org/kruskals-minimum-spanning-tree-algorithm-greedy-algo-2,Graphs,"Shortest Path, MST & Union-Find",▶ Striver,▶ NeetCode
514,Extra,https://www.geeksforgeeks.org/union-find,Graphs,"Shortest Path, MST & Union-Find",▶ Striver,▶ NeetCode
