problemUrl,topic,subTopic,striver_video,neetcode_video
https://leetcode.com/problems/find-the-highest-altitude/,Arrays,Basic Array Operations,https://www.youtube.com/results?search_query=find+the+highest+altitude+leetcode+striver,https://www.youtube.com/results?search_query=find+the+highest+altitude+leetcode+neetcode
https://leetcode.com/problems/running-sum-of-1d-array/,Arrays,Basic Array Operations,https://www.youtube.com/results?search_query=running+sum+of+1d+array+leetcode+striver,https://www.youtube.com/results?search_query=running+sum+of+1d+array+leetcode+neetcode
https://leetcode.com/problems/richest-customer-wealth/,Arrays,Basic Array Operations,https://www.youtube.com/results?search_query=richest+customer+wealth+leetcode+striver,https://www.youtube.com/results?search_query=richest+customer+wealth+leetcode+neetcode
https://leetcode.com/problems/shuffle-the-array/,Arrays,Basic Array Operations,https://www.youtube.com/results?search_query=shuffle+the+array+leetcode+striver,https://www.youtube.com/results?search_query=shuffle+the+array+leetcode+neetcode
https://leetcode.com/problems/kids-with-the-greatest-number-of-candies/,Arrays,Basic Array Operations,https://www.youtube.com/results?search_query=kids+with+the+greatest+number+of+candies+leetcode+striver,https://www.youtube.com/results?search_query=kids+with+the+greatest+number+of+candies+leetcode+neetcode
https://leetcode.com/problems/number-of-good-pairs/,Arrays,Basic Array Operations,https://www.youtube.com/results?search_query=number+of+good+pairs+leetcode+striver,https://www.youtube.com/results?search_query=number+of+good+pairs+leetcode+neetcode
https://leetcode.com/problems/count-items-matching-a-rule/,Arrays,Basic Array Operations,https://www.youtube.com/results?search_query=count+items+matching+a+rule+leetcode+striver,https://www.youtube.com/results?search_query=count+items+matching+a+rule+leetcode+neetcode
https://leetcode.com/problems/find-the-duplicate-number/,Arrays,Basic Array Operations,https://www.youtube.com/results?search_query=find+the+duplicate+number+leetcode+striver,https://www.youtube.com/results?search_query=find+the+duplicate+number+leetcode+neetcode
https://leetcode.com/problems/set-matrix-zeroes/,Arrays,Basic Array Operations,https://www.youtube.com/results?search_query=set+matrix+zeroes+leetcode+striver,https://www.youtube.com/results?search_query=set+matrix+zeroes+leetcode+neetcode
https://leetcode.com/problems/rotate-array/,Arrays,Basic Array Operations,https://www.youtube.com/results?search_query=rotate+array+leetcode+striver,https://www.youtube.com/results?search_query=rotate+array+leetcode+neetcode
https://leetcode.com/problems/first-missing-positive/,Arrays,Basic Array Operations,https://www.youtube.com/results?search_query=first+missing+positive+leetcode+striver,https://www.youtube.com/results?search_query=first+missing+positive+leetcode+neetcode
https://leetcode.com/problems/two-sum/,Arrays,Two Pointers,https://www.youtube.com/results?search_query=two+sum+leetcode+striver,https://www.youtube.com/results?search_query=two+sum+leetcode+neetcode
https://leetcode.com/problems/merge-sorted-array/,Arrays,Two Pointers,https://www.youtube.com/results?search_query=merge+sorted+array+leetcode+striver,https://www.youtube.com/results?search_query=merge+sorted+array+leetcode+neetcode
https://leetcode.com/problems/remove-duplicates-from-sorted-array/,Arrays,Two Pointers,https://www.youtube.com/results?search_query=remove+duplicates+from+sorted+array+leetcode+striver,https://www.youtube.com/results?search_query=remove+duplicates+from+sorted+array+leetcode+neetcode
https://leetcode.com/problems/move-zeroes/,Arrays,Two Pointers,https://www.youtube.com/results?search_query=move+zeroes+leetcode+striver,https://www.youtube.com/results?search_query=move+zeroes+leetcode+neetcode
https://leetcode.com/problems/squares-of-a-sorted-array/,Arrays,Two Pointers,https://www.youtube.com/results?search_query=squares+of+a+sorted+array+leetcode+striver,https://www.youtube.com/results?search_query=squares+of+a+sorted+array+leetcode+neetcode
https://leetcode.com/problems/valid-palindrome/,Arrays,Two Pointers,https://www.youtube.com/results?search_query=valid+palindrome+leetcode+striver,https://www.youtube.com/results?search_query=valid+palindrome+leetcode+neetcode
https://leetcode.com/problems/reverse-string/,Arrays,Two Pointers,https://www.youtube.com/results?search_query=reverse+string+leetcode+striver,https://www.youtube.com/results?search_query=reverse+string+leetcode+neetcode
https://leetcode.com/problems/two-sum-ii-input-array-is-sorted/,Arrays,Two Pointers,https://www.youtube.com/results?search_query=two+sum+ii+input+array+is+sorted+leetcode+striver,https://www.youtube.com/results?search_query=two+sum+ii+input+array+is+sorted+leetcode+neetcode
https://leetcode.com/problems/3sum/,Arrays,Two Pointers,https://www.youtube.com/results?search_query=3sum+leetcode+striver,https://www.youtube.com/results?search_query=3sum+leetcode+neetcode
https://leetcode.com/problems/container-with-most-water/,Arrays,Two Pointers,https://www.youtube.com/results?search_query=container+with+most+water+leetcode+striver,https://www.youtube.com/results?search_query=container+with+most+water+leetcode+neetcode
https://leetcode.com/problems/sort-colors/,Arrays,Two Pointers,https://www.youtube.com/results?search_query=sort+colors+leetcode+striver,https://www.youtube.com/results?search_query=sort+colors+leetcode+neetcode
https://leetcode.com/problems/4sum/,Arrays,Two Pointers,https://www.youtube.com/results?search_query=4sum+leetcode+striver,https://www.youtube.com/results?search_query=4sum+leetcode+neetcode
https://www.interviewbit.com/problems/pairs-with-given-sum/,Arrays,Two Pointers,https://www.youtube.com/results?search_query=pairs+with+given+sum+leetcode+striver,https://www.youtube.com/results?search_query=pairs+with+given+sum+leetcode+neetcode
https://leetcode.com/problems/trapping-rain-water/,Arrays,Two Pointers,https://www.youtube.com/results?search_query=trapping+rain+water+leetcode+striver,https://www.youtube.com/results?search_query=trapping+rain+water+leetcode+neetcode
https://leetcode.com/problems/minimum-window-substring/,Arrays,Two Pointers,https://www.youtube.com/results?search_query=minimum+window+substring+leetcode+striver,https://www.youtube.com/results?search_query=minimum+window+substring+leetcode+neetcode
https://leetcode.com/problems/maximum-average-subarray-i/,Arrays,Sliding Window,https://www.youtube.com/results?search_query=maximum+average+subarray+i+leetcode+striver,https://www.youtube.com/results?search_query=maximum+average+subarray+i+leetcode+neetcode
https://leetcode.com/problems/maximum-number-of-vowels-in-a-substring-of-given-length/,Arrays,Sliding Window,https://www.youtube.com/results?search_query=maximum+number+of+vowels+in+a+substring+of+given+length+leetcode+striver,https://www.youtube.com/results?search_query=maximum+number+of+vowels+in+a+substring+of+given+length+leetcode+neetcode
https://leetcode.com/problems/max-consecutive-ones/,Arrays,Sliding Window,https://www.youtube.com/results?search_query=max+consecutive+ones+leetcode+striver,https://www.youtube.com/results?search_query=max+consecutive+ones+leetcode+neetcode
https://leetcode.com/problems/diet-plan-performance/,Arrays,Sliding Window,https://www.youtube.com/results?search_query=diet+plan+performance+leetcode+striver,https://www.youtube.com/results?search_query=diet+plan+performance+leetcode+neetcode
https://leetcode.com/problems/number-of-sub-arrays-of-size-k-and-average-greater-than-or-equal-to-threshold/,Arrays,Sliding Window,https://www.youtube.com/results?search_query=number+of+sub+arrays+of+size+k+and+average+greater+than+or+equal+to+threshold+leetcode+striver,https://www.youtube.com/results?search_query=number+of+sub+arrays+of+size+k+and+average+greater+than+or+equal+to+threshold+leetcode+neetcode
https://leetcode.com/problems/minimum-size-subarray-sum/,Arrays,Sliding Window,https://www.youtube.com/results?search_query=minimum+size+subarray+sum+leetcode+striver,https://www.youtube.com/results?search_query=minimum+size+subarray+sum+leetcode+neetcode
https://leetcode.com/problems/longest-substring-without-repeating-characters/,Arrays,Sliding Window,https://www.youtube.com/results?search_query=longest+substring+without+repeating+characters+leetcode+striver,https://www.youtube.com/results?search_query=longest+substring+without+repeating+characters+leetcode+neetcode
https://leetcode.com/problems/fruit-into-baskets/,Arrays,Sliding Window,https://www.youtube.com/results?search_query=fruit+into+baskets+leetcode+striver,https://www.youtube.com/results?search_query=fruit+into+baskets+leetcode+neetcode
https://leetcode.com/problems/permutation-in-string/,Arrays,Sliding Window,https://www.youtube.com/results?search_query=permutation+in+string+leetcode+striver,https://www.youtube.com/results?search_query=permutation+in+string+leetcode+neetcode
https://leetcode.com/problems/max-consecutive-ones-iii/,Arrays,Sliding Window,https://www.youtube.com/results?search_query=max+consecutive+ones+iii+leetcode+striver,https://www.youtube.com/results?search_query=max+consecutive+ones+iii+leetcode+neetcode
https://leetcode.com/problems/longest-subarray-of-1s-after-deleting-one-element/,Arrays,Sliding Window,https://www.youtube.com/results?search_query=longest+subarray+of+1s+after+deleting+one+element+leetcode+striver,https://www.youtube.com/results?search_query=longest+subarray+of+1s+after+deleting+one+element+leetcode+neetcode
https://leetcode.com/problems/sliding-window-maximum/,Arrays,Sliding Window,https://www.youtube.com/results?search_query=sliding+window+maximum+leetcode+striver,https://www.youtube.com/results?search_query=sliding+window+maximum+leetcode+neetcode
https://leetcode.com/problems/minimum-window-substring/,Arrays,Sliding Window,https://www.youtube.com/results?search_query=minimum+window+substring+leetcode+striver,https://www.youtube.com/results?search_query=minimum+window+substring+leetcode+neetcode
https://leetcode.com/problems/substring-with-concatenation-of-all-words/,Arrays,Sliding Window,https://www.youtube.com/results?search_query=substring+with+concatenation+of+all+words+leetcode+striver,https://www.youtube.com/results?search_query=substring+with+concatenation+of+all+words+leetcode+neetcode
https://leetcode.com/problems/running-sum-of-1d-array/,Arrays,Prefix Sums,https://www.youtube.com/results?search_query=running+sum+of+1d+array+leetcode+striver,https://www.youtube.com/results?search_query=running+sum+of+1d+array+leetcode+neetcode
https://leetcode.com/problems/find-pivot-index/,Arrays,Prefix Sums,https://www.youtube.com/results?search_query=find+pivot+index+leetcode+striver,https://www.youtube.com/results?search_query=find+pivot+index+leetcode+neetcode
https://leetcode.com/problems/find-the-middle-index-in-array/,Arrays,Prefix Sums,https://www.youtube.com/results?search_query=find+the+middle+index+in+array+leetcode+striver,https://www.youtube.com/results?search_query=find+the+middle+index+in+array+leetcode+neetcode
https://leetcode.com/problems/left-and-right-sum-differences/,Arrays,Prefix Sums,https://www.youtube.com/results?search_query=left+and+right+sum+differences+leetcode+striver,https://www.youtube.com/results?search_query=left+and+right+sum+differences+leetcode+neetcode
https://leetcode.com/problems/sum-of-all-odd-length-subarrays/,Arrays,Prefix Sums,https://www.youtube.com/results?search_query=sum+of+all+odd+length+subarrays+leetcode+striver,https://www.youtube.com/results?search_query=sum+of+all+odd+length+subarrays+leetcode+neetcode
https://leetcode.com/problems/subarray-sum-equals-k/,Arrays,Prefix Sums,https://www.youtube.com/results?search_query=subarray+sum+equals+k+leetcode+striver,https://www.youtube.com/results?search_query=subarray+sum+equals+k+leetcode+neetcode
https://leetcode.com/problems/product-of-array-except-self/,Arrays,Prefix Sums,https://www.youtube.com/results?search_query=product+of+array+except+self+leetcode+striver,https://www.youtube.com/results?search_query=product+of+array+except+self+leetcode+neetcode
https://leetcode.com/problems/contiguous-array/,Arrays,Prefix Sums,https://www.youtube.com/results?search_query=contiguous+array+leetcode+striver,https://www.youtube.com/results?search_query=contiguous+array+leetcode+neetcode
https://leetcode.com/problems/range-sum-query-2d-immutable/,Arrays,Prefix Sums,https://www.youtube.com/results?search_query=range+sum+query+2d+immutable+leetcode+striver,https://www.youtube.com/results?search_query=range+sum+query+2d+immutable+leetcode+neetcode
https://leetcode.com/problems/count-number-of-nice-subarrays/,Arrays,Prefix Sums,https://www.youtube.com/results?search_query=count+number+of+nice+subarrays+leetcode+striver,https://www.youtube.com/results?search_query=count+number+of+nice+subarrays+leetcode+neetcode
https://leetcode.com/problems/maximum-subarray/,Arrays,Prefix Sums,https://www.youtube.com/results?search_query=maximum+subarray+leetcode+striver,https://www.youtube.com/results?search_query=maximum+subarray+leetcode+neetcode
https://leetcode.com/problems/count-of-range-sum/,Arrays,Prefix Sums,https://www.youtube.com/results?search_query=count+of+range+sum+leetcode+striver,https://www.youtube.com/results?search_query=count+of+range+sum+leetcode+neetcode
https://leetcode.com/problems/summary-ranges/,Arrays,Merge Intervals,https://www.youtube.com/results?search_query=summary+ranges+leetcode+striver,https://www.youtube.com/results?search_query=summary+ranges+leetcode+neetcode
https://leetcode.com/problems/meeting-rooms/,Arrays,Merge Intervals,https://www.youtube.com/results?search_query=meeting+rooms+leetcode+striver,https://www.youtube.com/results?search_query=meeting+rooms+leetcode+neetcode
https://leetcode.com/problems/check-if-all-1s-are-at-least-length-k-places-away/,Arrays,Merge Intervals,https://www.youtube.com/results?search_query=check+if+all+1s+are+at+least+length+k+places+away+leetcode+striver,https://www.youtube.com/results?search_query=check+if+all+1s+are+at+least+length+k+places+away+leetcode+neetcode
https://leetcode.com/problems/merge-intervals/,Arrays,Merge Intervals,https://www.youtube.com/results?search_query=merge+intervals+leetcode+striver,https://www.youtube.com/results?search_query=merge+intervals+leetcode+neetcode
https://leetcode.com/problems/insert-interval/,Arrays,Merge Intervals,https://www.youtube.com/results?search_query=insert+interval+leetcode+striver,https://www.youtube.com/results?search_query=insert+interval+leetcode+neetcode
https://leetcode.com/problems/meeting-rooms-ii/,Arrays,Merge Intervals,https://www.youtube.com/results?search_query=meeting+rooms+ii+leetcode+striver,https://www.youtube.com/results?search_query=meeting+rooms+ii+leetcode+neetcode
https://leetcode.com/problems/non-overlapping-intervals/,Arrays,Merge Intervals,https://www.youtube.com/results?search_query=non+overlapping+intervals+leetcode+striver,https://www.youtube.com/results?search_query=non+overlapping+intervals+leetcode+neetcode
https://leetcode.com/problems/interval-list-intersections/,Arrays,Merge Intervals,https://www.youtube.com/results?search_query=interval+list+intersections+leetcode+striver,https://www.youtube.com/results?search_query=interval+list+intersections+leetcode+neetcode
https://leetcode.com/problems/employee-free-time/,Arrays,Merge Intervals,https://www.youtube.com/results?search_query=employee+free+time+leetcode+striver,https://www.youtube.com/results?search_query=employee+free+time+leetcode+neetcode
https://leetcode.com/problems/minimum-number-of-arrows-to-burst-balloons/,Arrays,Merge Intervals,https://www.youtube.com/results?search_query=minimum+number+of+arrows+to+burst+balloons+leetcode+striver,https://www.youtube.com/results?search_query=minimum+number+of+arrows+to+burst+balloons+leetcode+neetcode
https://leetcode.com/problems/binary-search/,Binary Search,,https://www.youtube.com/results?search_query=binary+search+leetcode+striver,https://www.youtube.com/results?search_query=binary+search+leetcode+neetcode
https://leetcode.com/problems/search-insert-position/,Binary Search,,https://www.youtube.com/results?search_query=search+insert+position+leetcode+striver,https://www.youtube.com/results?search_query=search+insert+position+leetcode+neetcode
https://leetcode.com/problems/guess-number-higher-or-lower/,Binary Search,,https://www.youtube.com/results?search_query=guess+number+higher+or+lower+leetcode+striver,https://www.youtube.com/results?search_query=guess+number+higher+or+lower+leetcode+neetcode
https://leetcode.com/problems/first-bad-version/,Binary Search,,https://www.youtube.com/results?search_query=first+bad+version+leetcode+striver,https://www.youtube.com/results?search_query=first+bad+version+leetcode+neetcode
https://leetcode.com/problems/count-negative-numbers-in-a-sorted-matrix/,Binary Search,,https://www.youtube.com/results?search_query=count+negative+numbers+in+a+sorted+matrix+leetcode+striver,https://www.youtube.com/results?search_query=count+negative+numbers+in+a+sorted+matrix+leetcode+neetcode
https://leetcode.com/problems/valid-perfect-square/,Binary Search,,https://www.youtube.com/results?search_query=valid+perfect+square+leetcode+striver,https://www.youtube.com/results?search_query=valid+perfect+square+leetcode+neetcode
https://leetcode.com/problems/sqrtx/,Binary Search,,https://www.youtube.com/results?search_query=sqrtx+leetcode+striver,https://www.youtube.com/results?search_query=sqrtx+leetcode+neetcode
https://leetcode.com/problems/find-minimum-in-rotated-sorted-array/,Binary Search,,https://www.youtube.com/results?search_query=find+minimum+in+rotated+sorted+array+leetcode+striver,https://www.youtube.com/results?search_query=find+minimum+in+rotated+sorted+array+leetcode+neetcode
https://leetcode.com/problems/search-in-rotated-sorted-array/,Binary Search,,https://www.youtube.com/results?search_query=search+in+rotated+sorted+array+leetcode+striver,https://www.youtube.com/results?search_query=search+in+rotated+sorted+array+leetcode+neetcode
https://leetcode.com/problems/find-first-and-last-position-of-element-in-sorted-array/,Binary Search,,https://www.youtube.com/results?search_query=find+first+and+last+position+of+element+in+sorted+array+leetcode+striver,https://www.youtube.com/results?search_query=find+first+and+last+position+of+element+in+sorted+array+leetcode+neetcode
https://leetcode.com/problems/search-a-2d-matrix/,Binary Search,,https://www.youtube.com/results?search_query=search+a+2d+matrix+leetcode+striver,https://www.youtube.com/results?search_query=search+a+2d+matrix+leetcode+neetcode
https://leetcode.com/problems/find-peak-element/,Binary Search,,https://www.youtube.com/results?search_query=find+peak+element+leetcode+striver,https://www.youtube.com/results?search_query=find+peak+element+leetcode+neetcode
https://leetcode.com/problems/single-element-in-a-sorted-array/,Binary Search,,https://www.youtube.com/results?search_query=single+element+in+a+sorted+array+leetcode+striver,https://www.youtube.com/results?search_query=single+element+in+a+sorted+array+leetcode+neetcode
https://leetcode.com/problems/median-of-two-sorted-arrays/,Binary Search,,https://www.youtube.com/results?search_query=median+of+two+sorted+arrays+leetcode+striver,https://www.youtube.com/results?search_query=median+of+two+sorted+arrays+leetcode+neetcode
https://leetcode.com/problems/find-in-mountain-array/,Binary Search,,https://www.youtube.com/results?search_query=find+in+mountain+array+leetcode+striver,https://www.youtube.com/results?search_query=find+in+mountain+array+leetcode+neetcode
https://leetcode.com/problems/peak-index-in-a-mountain-array/,Binary Search,,https://www.youtube.com/results?search_query=peak+index+in+a+mountain+array+leetcode+striver,https://www.youtube.com/results?search_query=peak+index+in+a+mountain+array+leetcode+neetcode
https://leetcode.com/problems/valid-mountain-array/,Binary Search,,https://www.youtube.com/results?search_query=valid+mountain+array+leetcode+striver,https://www.youtube.com/results?search_query=valid+mountain+array+leetcode+neetcode
https://leetcode.com/problems/missing-number/,Binary Search,,https://www.youtube.com/results?search_query=missing+number+leetcode+striver,https://www.youtube.com/results?search_query=missing+number+leetcode+neetcode
https://leetcode.com/problems/koko-eating-bananas/,Binary Search,,https://www.youtube.com/results?search_query=koko+eating+bananas+leetcode+striver,https://www.youtube.com/results?search_query=koko+eating+bananas+leetcode+neetcode
https://leetcode.com/problems/capacity-to-ship-packages-within-d-days/,Binary Search,,https://www.youtube.com/results?search_query=capacity+to+ship+packages+within+d+days+leetcode+striver,https://www.youtube.com/results?search_query=capacity+to+ship+packages+within+d+days+leetcode+neetcode
https://leetcode.com/problems/minimum-number-of-days-to-make-m-bouquets/,Binary Search,,https://www.youtube.com/results?search_query=minimum+number+of+days+to+make+m+bouquets+leetcode+striver,https://www.youtube.com/results?search_query=minimum+number+of+days+to+make+m+bouquets+leetcode+neetcode
https://leetcode.com/problems/find-k-closest-elements/,Binary Search,,https://www.youtube.com/results?search_query=find+k+closest+elements+leetcode+striver,https://www.youtube.com/results?search_query=find+k+closest+elements+leetcode+neetcode
https://www.interviewbit.com/problems/painters-partition-problem/,Binary Search,,https://www.youtube.com/results?search_query=painters+partition+problem+leetcode+striver,https://www.youtube.com/results?search_query=painters+partition+problem+leetcode+neetcode
https://leetcode.com/problems/split-array-largest-sum/,Binary Search,,https://www.youtube.com/results?search_query=split+array+largest+sum+leetcode+striver,https://www.youtube.com/results?search_query=split+array+largest+sum+leetcode+neetcode
https://leetcode.com/problems/count-of-smaller-numbers-after-self/,Binary Search,,https://www.youtube.com/results?search_query=count+of+smaller+numbers+after+self+leetcode+striver,https://www.youtube.com/results?search_query=count+of+smaller+numbers+after+self+leetcode+neetcode
https://leetcode.com/problems/reverse-string/,Arrays,String Basics & Manipulation,https://www.youtube.com/results?search_query=reverse+string+leetcode+striver,https://www.youtube.com/results?search_query=reverse+string+leetcode+neetcode
https://leetcode.com/problems/valid-anagram/,Arrays,String Basics & Manipulation,https://www.youtube.com/results?search_query=valid+anagram+leetcode+striver,https://www.youtube.com/results?search_query=valid+anagram+leetcode+neetcode
https://leetcode.com/problems/first-unique-character-in-a-string/,Arrays,String Basics & Manipulation,https://www.youtube.com/results?search_query=first+unique+character+in+a+string+leetcode+striver,https://www.youtube.com/results?search_query=first+unique+character+in+a+string+leetcode+neetcode
https://leetcode.com/problems/roman-to-integer/,Arrays,String Basics & Manipulation,https://www.youtube.com/results?search_query=roman+to+integer+leetcode+striver,https://www.youtube.com/results?search_query=roman+to+integer+leetcode+neetcode
https://leetcode.com/problems/isomorphic-strings/,Arrays,String Basics & Manipulation,https://www.youtube.com/results?search_query=isomorphic+strings+leetcode+striver,https://www.youtube.com/results?search_query=isomorphic+strings+leetcode+neetcode
https://leetcode.com/problems/word-pattern/,Arrays,String Basics & Manipulation,https://www.youtube.com/results?search_query=word+pattern+leetcode+striver,https://www.youtube.com/results?search_query=word+pattern+leetcode+neetcode
https://leetcode.com/problems/longest-common-prefix/,Arrays,String Basics & Manipulation,https://www.youtube.com/results?search_query=longest+common+prefix+leetcode+striver,https://www.youtube.com/results?search_query=longest+common+prefix+leetcode+neetcode
https://leetcode.com/problems/count-and-say/,Arrays,String Basics & Manipulation,https://www.youtube.com/results?search_query=count+and+say+leetcode+striver,https://www.youtube.com/results?search_query=count+and+say+leetcode+neetcode
https://leetcode.com/problems/add-binary/,Arrays,String Basics & Manipulation,https://www.youtube.com/results?search_query=add+binary+leetcode+striver,https://www.youtube.com/results?search_query=add+binary+leetcode+neetcode
https://leetcode.com/problems/reverse-words-in-a-string-iii/,Arrays,String Basics & Manipulation,https://www.youtube.com/results?search_query=reverse+words+in+a+string+iii+leetcode+striver,https://www.youtube.com/results?search_query=reverse+words+in+a+string+iii+leetcode+neetcode
https://leetcode.com/problems/group-anagrams/,Arrays,String Basics & Manipulation,https://www.youtube.com/results?search_query=group+anagrams+leetcode+striver,https://www.youtube.com/results?search_query=group+anagrams+leetcode+neetcode
https://leetcode.com/problems/reverse-words-in-a-string/,Arrays,String Basics & Manipulation,https://www.youtube.com/results?search_query=reverse+words+in+a+string+leetcode+striver,https://www.youtube.com/results?search_query=reverse+words+in+a+string+leetcode+neetcode
https://leetcode.com/problems/string-compression/,Arrays,String Basics & Manipulation,https://www.youtube.com/results?search_query=string+compression+leetcode+striver,https://www.youtube.com/results?search_query=string+compression+leetcode+neetcode
https://leetcode.com/problems/zigzag-conversion/,Arrays,String Basics & Manipulation,https://www.youtube.com/results?search_query=zigzag+conversion+leetcode+striver,https://www.youtube.com/results?search_query=zigzag+conversion+leetcode+neetcode
https://leetcode.com/problems/multiply-strings/,Arrays,String Basics & Manipulation,https://www.youtube.com/results?search_query=multiply+strings+leetcode+striver,https://www.youtube.com/results?search_query=multiply+strings+leetcode+neetcode
https://leetcode.com/problems/decode-string/,Arrays,String Basics & Manipulation,https://www.youtube.com/results?search_query=decode+string+leetcode+striver,https://www.youtube.com/results?search_query=decode+string+leetcode+neetcode
https://leetcode.com/problems/regular-expression-matching/,Arrays,String Basics & Manipulation,https://www.youtube.com/results?search_query=regular+expression+matching+leetcode+striver,https://www.youtube.com/results?search_query=regular+expression+matching+leetcode+neetcode
https://leetcode.com/problems/wildcard-matching/,Arrays,String Basics & Manipulation,https://www.youtube.com/results?search_query=wildcard+matching+leetcode+striver,https://www.youtube.com/results?search_query=wildcard+matching+leetcode+neetcode
https://leetcode.com/problems/find-the-difference/,Strings,,https://www.youtube.com/results?search_query=find+the+difference+leetcode+striver,https://www.youtube.com/results?search_query=find+the+difference+leetcode+neetcode
https://leetcode.com/problems/valid-anagram/,Strings,,https://www.youtube.com/results?search_query=valid+anagram+leetcode+striver,https://www.youtube.com/results?search_query=valid+anagram+leetcode+neetcode
https://leetcode.com/problems/ransom-note/,Strings,,https://www.youtube.com/results?search_query=ransom+note+leetcode+striver,https://www.youtube.com/results?search_query=ransom+note+leetcode+neetcode
https://leetcode.com/problems/longest-substring-without-repeating-characters/,Strings,,https://www.youtube.com/results?search_query=longest+substring+without+repeating+characters+leetcode+striver,https://www.youtube.com/results?search_query=longest+substring+without+repeating+characters+leetcode+neetcode
https://leetcode.com/problems/longest-repeating-character-replacement/,Strings,,https://www.youtube.com/results?search_query=longest+repeating+character+replacement+leetcode+striver,https://www.youtube.com/results?search_query=longest+repeating+character+replacement+leetcode+neetcode
https://leetcode.com/problems/find-all-anagrams-in-a-string/,Strings,,https://www.youtube.com/results?search_query=find+all+anagrams+in+a+string+leetcode+striver,https://www.youtube.com/results?search_query=find+all+anagrams+in+a+string+leetcode+neetcode
https://leetcode.com/problems/longest-substring-with-at-most-two-distinct-characters/,Strings,,https://www.youtube.com/results?search_query=longest+substring+with+at+most+two+distinct+characters+leetcode+striver,https://www.youtube.com/results?search_query=longest+substring+with+at+most+two+distinct+characters+leetcode+neetcode
https://leetcode.com/problems/minimum-window-substring/,Strings,,https://www.youtube.com/results?search_query=minimum+window+substring+leetcode+striver,https://www.youtube.com/results?search_query=minimum+window+substring+leetcode+neetcode
https://leetcode.com/problems/substring-with-concatenation-of-all-words/,Strings,,https://www.youtube.com/results?search_query=substring+with+concatenation+of+all+words+leetcode+striver,https://www.youtube.com/results?search_query=substring+with+concatenation+of+all+words+leetcode+neetcode
https://leetcode.com/problems/fibonacci-number/,Recursion,,https://www.youtube.com/results?search_query=fibonacci+number+leetcode+striver,https://www.youtube.com/results?search_query=fibonacci+number+leetcode+neetcode
https://leetcode.com/problems/climbing-stairs/,Recursion,,https://www.youtube.com/results?search_query=climbing+stairs+leetcode+striver,https://www.youtube.com/results?search_query=climbing+stairs+leetcode+neetcode
https://leetcode.com/problems/power-of-two/,Recursion,,https://www.youtube.com/results?search_query=power+of+two+leetcode+striver,https://www.youtube.com/results?search_query=power+of+two+leetcode+neetcode
https://leetcode.com/problems/power-of-three/,Recursion,,https://www.youtube.com/results?search_query=power+of+three+leetcode+striver,https://www.youtube.com/results?search_query=power+of+three+leetcode+neetcode
https://leetcode.com/problems/reverse-string/,Recursion,,https://www.youtube.com/results?search_query=reverse+string+leetcode+striver,https://www.youtube.com/results?search_query=reverse+string+leetcode+neetcode
https://www.geeksforgeeks.org/sum-digit-number-using-recursion/,Recursion,,https://www.youtube.com/results?search_query=sum+digit+number+using+recursion+leetcode+striver,https://www.youtube.com/results?search_query=sum+digit+number+using+recursion+leetcode+neetcode
https://www.geeksforgeeks.org/recursive-function-check-string-palindrome/,Recursion,,https://www.youtube.com/results?search_query=recursive+function+check+string+palindrome+leetcode+striver,https://www.youtube.com/results?search_query=recursive+function+check+string+palindrome+leetcode+neetcode
https://leetcode.com/problems/powx-n/,Recursion,,https://www.youtube.com/results?search_query=powx+n+leetcode+striver,https://www.youtube.com/results?search_query=powx+n+leetcode+neetcode
https://leetcode.com/problems/generate-parentheses/,Recursion,,https://www.youtube.com/results?search_query=generate+parentheses+leetcode+striver,https://www.youtube.com/results?search_query=generate+parentheses+leetcode+neetcode
https://leetcode.com/problems/letter-combinations-of-a-phone-number/,Recursion,,https://www.youtube.com/results?search_query=letter+combinations+of+a+phone+number+leetcode+striver,https://www.youtube.com/results?search_query=letter+combinations+of+a+phone+number+leetcode+neetcode
https://leetcode.com/problems/decode-ways/,Recursion,,https://www.youtube.com/results?search_query=decode+ways+leetcode+striver,https://www.youtube.com/results?search_query=decode+ways+leetcode+neetcode
https://www.geeksforgeeks.org/merge-sort/,Recursion,,https://www.youtube.com/results?search_query=merge+sort+leetcode+striver,https://www.youtube.com/results?search_query=merge+sort+leetcode+neetcode
https://www.geeksforgeeks.org/find-all-subsets-of-size-k/,Recursion,Backtracking,https://www.youtube.com/results?search_query=find+all+subsets+of+size+k+leetcode+striver,https://www.youtube.com/results?search_query=find+all+subsets+of+size+k+leetcode+neetcode
https://www.geeksforgeeks.org/write-a-c-program-to-print-all-permutations-of-a-given-string/,Recursion,Backtracking,https://www.youtube.com/results?search_query=write+a+c+program+to+print+all+permutations+of+a+given+string+leetcode+striver,https://www.youtube.com/results?search_query=write+a+c+program+to+print+all+permutations+of+a+given+string+leetcode+neetcode
https://leetcode.com/problems/subsets/,Recursion,Backtracking,https://www.youtube.com/results?search_query=subsets+leetcode+striver,https://www.youtube.com/results?search_query=subsets+leetcode+neetcode
https://leetcode.com/problems/permutations/,Recursion,Backtracking,https://www.youtube.com/results?search_query=permutations+leetcode+striver,https://www.youtube.com/results?search_query=permutations+leetcode+neetcode
https://leetcode.com/problems/combination-sum/,Recursion,Backtracking,https://www.youtube.com/results?search_query=combination+sum+leetcode+striver,https://www.youtube.com/results?search_query=combination+sum+leetcode+neetcode
https://leetcode.com/problems/word-search/,Recursion,Backtracking,https://www.youtube.com/results?search_query=word+search+leetcode+striver,https://www.youtube.com/results?search_query=word+search+leetcode+neetcode
https://leetcode.com/problems/palindrome-partitioning/,Recursion,Backtracking,https://www.youtube.com/results?search_query=palindrome+partitioning+leetcode+striver,https://www.youtube.com/results?search_query=palindrome+partitioning+leetcode+neetcode
https://leetcode.com/problems/subsets-ii/,Recursion,Backtracking,https://www.youtube.com/results?search_query=subsets+ii+leetcode+striver,https://www.youtube.com/results?search_query=subsets+ii+leetcode+neetcode
https://leetcode.com/problems/n-queens/,Recursion,Backtracking,https://www.youtube.com/results?search_query=n+queens+leetcode+striver,https://www.youtube.com/results?search_query=n+queens+leetcode+neetcode
https://leetcode.com/problems/sudoku-solver/,Recursion,Backtracking,https://www.youtube.com/results?search_query=sudoku+solver+leetcode+striver,https://www.youtube.com/results?search_query=sudoku+solver+leetcode+neetcode
https://leetcode.com/problems/word-search-ii/,Recursion,Backtracking,https://www.youtube.com/results?search_query=word+search+ii+leetcode+striver,https://www.youtube.com/results?search_query=word+search+ii+leetcode+neetcode
https://leetcode.com/problems/reverse-linked-list/,Linked List,,https://www.youtube.com/results?search_query=reverse+linked+list+leetcode+striver,https://www.youtube.com/results?search_query=reverse+linked+list+leetcode+neetcode
https://leetcode.com/problems/middle-of-the-linked-list/,Linked List,,https://www.youtube.com/results?search_query=middle+of+the+linked+list+leetcode+striver,https://www.youtube.com/results?search_query=middle+of+the+linked+list+leetcode+neetcode
https://leetcode.com/problems/merge-two-sorted-lists/,Linked List,,https://www.youtube.com/results?search_query=merge+two+sorted+lists+leetcode+striver,https://www.youtube.com/results?search_query=merge+two+sorted+lists+leetcode+neetcode
https://leetcode.com/problems/linked-list-cycle/,Linked List,,https://www.youtube.com/results?search_query=linked+list+cycle+leetcode+striver,https://www.youtube.com/results?search_query=linked+list+cycle+leetcode+neetcode
https://leetcode.com/problems/palindrome-linked-list/,Linked List,,https://www.youtube.com/results?search_query=palindrome+linked+list+leetcode+striver,https://www.youtube.com/results?search_query=palindrome+linked+list+leetcode+neetcode
https://leetcode.com/problems/delete-node-in-a-linked-list/,Linked List,,https://www.youtube.com/results?search_query=delete+node+in+a+linked+list+leetcode+striver,https://www.youtube.com/results?search_query=delete+node+in+a+linked+list+leetcode+neetcode
https://leetcode.com/problems/remove-linked-list-elements/,Linked List,,https://www.youtube.com/results?search_query=remove+linked+list+elements+leetcode+striver,https://www.youtube.com/results?search_query=remove+linked+list+elements+leetcode+neetcode
https://leetcode.com/problems/intersection-of-two-linked-lists/,Linked List,,https://www.youtube.com/results?search_query=intersection+of+two+linked+lists+leetcode+striver,https://www.youtube.com/results?search_query=intersection+of+two+linked+lists+leetcode+neetcode
https://leetcode.com/problems/linked-list-cycle-ii/,Linked List,,https://www.youtube.com/results?search_query=linked+list+cycle+ii+leetcode+striver,https://www.youtube.com/results?search_query=linked+list+cycle+ii+leetcode+neetcode
https://leetcode.com/problems/remove-nth-node-from-end-of-list/,Linked List,,https://www.youtube.com/results?search_query=remove+nth+node+from+end+of+list+leetcode+striver,https://www.youtube.com/results?search_query=remove+nth+node+from+end+of+list+leetcode+neetcode
https://leetcode.com/problems/add-two-numbers/,Linked List,,https://www.youtube.com/results?search_query=add+two+numbers+leetcode+striver,https://www.youtube.com/results?search_query=add+two+numbers+leetcode+neetcode
https://leetcode.com/problems/reorder-list/,Linked List,,https://www.youtube.com/results?search_query=reorder+list+leetcode+striver,https://www.youtube.com/results?search_query=reorder+list+leetcode+neetcode
https://leetcode.com/problems/odd-even-linked-list/,Linked List,,https://www.youtube.com/results?search_query=odd+even+linked+list+leetcode+striver,https://www.youtube.com/results?search_query=odd+even+linked+list+leetcode+neetcode
https://leetcode.com/problems/swap-nodes-in-pairs/,Linked List,,https://www.youtube.com/results?search_query=swap+nodes+in+pairs+leetcode+striver,https://www.youtube.com/results?search_query=swap+nodes+in+pairs+leetcode+neetcode
https://leetcode.com/problems/copy-list-with-random-pointer/,Linked List,,https://www.youtube.com/results?search_query=copy+list+with+random+pointer+leetcode+striver,https://www.youtube.com/results?search_query=copy+list+with+random+pointer+leetcode+neetcode
https://leetcode.com/problems/sort-list/,Linked List,,https://www.youtube.com/results?search_query=sort+list+leetcode+striver,https://www.youtube.com/results?search_query=sort+list+leetcode+neetcode
https://leetcode.com/problems/reverse-nodes-in-k-group/,Linked List,,https://www.youtube.com/results?search_query=reverse+nodes+in+k+group+leetcode+striver,https://www.youtube.com/results?search_query=reverse+nodes+in+k+group+leetcode+neetcode
https://leetcode.com/problems/merge-k-sorted-lists/,Linked List,,https://www.youtube.com/results?search_query=merge+k+sorted+lists+leetcode+striver,https://www.youtube.com/results?search_query=merge+k+sorted+lists+leetcode+neetcode
https://leetcode.com/problems/valid-parentheses/,Stacks,Stack Basics,https://www.youtube.com/results?search_query=valid+parentheses+leetcode+striver,https://www.youtube.com/results?search_query=valid+parentheses+leetcode+neetcode
https://leetcode.com/problems/implement-stack-using-queues/,Stacks,Stack Basics,https://www.youtube.com/results?search_query=implement+stack+using+queues+leetcode+striver,https://www.youtube.com/results?search_query=implement+stack+using+queues+leetcode+neetcode
https://leetcode.com/problems/implement-queue-using-stacks/,Stacks,Stack Basics,https://www.youtube.com/results?search_query=implement+queue+using+stacks+leetcode+striver,https://www.youtube.com/results?search_query=implement+queue+using+stacks+leetcode+neetcode
https://leetcode.com/problems/next-greater-element-i/,Stacks,Stack Basics,https://www.youtube.com/results?search_query=next+greater+element+i+leetcode+striver,https://www.youtube.com/results?search_query=next+greater+element+i+leetcode+neetcode
https://leetcode.com/problems/baseball-game/,Stacks,Stack Basics,https://www.youtube.com/results?search_query=baseball+game+leetcode+striver,https://www.youtube.com/results?search_query=baseball+game+leetcode+neetcode
https://leetcode.com/problems/remove-all-adjacent-duplicates-in-string/,Stacks,Stack Basics,https://www.youtube.com/results?search_query=remove+all+adjacent+duplicates+in+string+leetcode+striver,https://www.youtube.com/results?search_query=remove+all+adjacent+duplicates+in+string+leetcode+neetcode
https://leetcode.com/problems/backspace-string-compare/,Stacks,Stack Basics,https://www.youtube.com/results?search_query=backspace+string+compare+leetcode+striver,https://www.youtube.com/results?search_query=backspace+string+compare+leetcode+neetcode
https://leetcode.com/problems/min-stack/,Stacks,Stack Basics,https://www.youtube.com/results?search_query=min+stack+leetcode+striver,https://www.youtube.com/results?search_query=min+stack+leetcode+neetcode
https://leetcode.com/problems/daily-temperatures/,Stacks,Stack Basics,https://www.youtube.com/results?search_query=daily+temperatures+leetcode+striver,https://www.youtube.com/results?search_query=daily+temperatures+leetcode+neetcode
https://leetcode.com/problems/evaluate-reverse-polish-notation/,Stacks,Stack Basics,https://www.youtube.com/results?search_query=evaluate+reverse+polish+notation+leetcode+striver,https://www.youtube.com/results?search_query=evaluate+reverse+polish+notation+leetcode+neetcode
https://leetcode.com/problems/decode-string/,Stacks,Stack Basics,https://www.youtube.com/results?search_query=decode+string+leetcode+striver,https://www.youtube.com/results?search_query=decode+string+leetcode+neetcode
https://leetcode.com/problems/asteroid-collision/,Stacks,Stack Basics,https://www.youtube.com/results?search_query=asteroid+collision+leetcode+striver,https://www.youtube.com/results?search_query=asteroid+collision+leetcode+neetcode
https://leetcode.com/problems/online-stock-span/,Stacks,Stack Basics,https://www.youtube.com/results?search_query=online+stock+span+leetcode+striver,https://www.youtube.com/results?search_query=online+stock+span+leetcode+neetcode
https://leetcode.com/problems/score-of-parentheses/,Stacks,Stack Basics,https://www.youtube.com/results?search_query=score+of+parentheses+leetcode+striver,https://www.youtube.com/results?search_query=score+of+parentheses+leetcode+neetcode
https://leetcode.com/problems/largest-rectangle-in-histogram/,Stacks,Stack Basics,https://www.youtube.com/results?search_query=largest+rectangle+in+histogram+leetcode+striver,https://www.youtube.com/results?search_query=largest+rectangle+in+histogram+leetcode+neetcode
https://leetcode.com/problems/basic-calculator/,Stacks,Stack Basics,https://www.youtube.com/results?search_query=basic+calculator+leetcode+striver,https://www.youtube.com/results?search_query=basic+calculator+leetcode+neetcode
https://leetcode.com/problems/maximal-rectangle/,Stacks,Stack Basics,https://www.youtube.com/results?search_query=maximal+rectangle+leetcode+striver,https://www.youtube.com/results?search_query=maximal+rectangle+leetcode+neetcode
https://leetcode.com/problems/binary-tree-inorder-traversal/,Trees,Tree Traversals (Must Know),https://www.youtube.com/results?search_query=binary+tree+inorder+traversal+leetcode+striver,https://www.youtube.com/results?search_query=binary+tree+inorder+traversal+leetcode+neetcode
https://leetcode.com/problems/binary-tree-preorder-traversal/,Trees,Tree Traversals (Must Know),https://www.youtube.com/results?search_query=binary+tree+preorder+traversal+leetcode+striver,https://www.youtube.com/results?search_query=binary+tree+preorder+traversal+leetcode+neetcode
https://leetcode.com/problems/binary-tree-postorder-traversal/,Trees,Tree Traversals (Must Know),https://www.youtube.com/results?search_query=binary+tree+postorder+traversal+leetcode+striver,https://www.youtube.com/results?search_query=binary+tree+postorder+traversal+leetcode+neetcode
https://leetcode.com/problems/maximum-depth-of-binary-tree/,Trees,Tree Traversals (Must Know),https://www.youtube.com/results?search_query=maximum+depth+of+binary+tree+leetcode+striver,https://www.youtube.com/results?search_query=maximum+depth+of+binary+tree+leetcode+neetcode
https://leetcode.com/problems/minimum-depth-of-binary-tree/,Trees,Tree Traversals (Must Know),https://www.youtube.com/results?search_query=minimum+depth+of+binary+tree+leetcode+striver,https://www.youtube.com/results?search_query=minimum+depth+of+binary+tree+leetcode+neetcode
https://leetcode.com/problems/symmetric-tree/,Trees,Tree Traversals (Must Know),https://www.youtube.com/results?search_query=symmetric+tree+leetcode+striver,https://www.youtube.com/results?search_query=symmetric+tree+leetcode+neetcode
https://leetcode.com/problems/same-tree/,Trees,Tree Traversals (Must Know),https://www.youtube.com/results?search_query=same+tree+leetcode+striver,https://www.youtube.com/results?search_query=same+tree+leetcode+neetcode
https://leetcode.com/problems/invert-binary-tree/,Trees,Tree Traversals (Must Know),https://www.youtube.com/results?search_query=invert+binary+tree+leetcode+striver,https://www.youtube.com/results?search_query=invert+binary+tree+leetcode+neetcode
https://leetcode.com/problems/balanced-binary-tree/,Trees,Tree Traversals (Must Know),https://www.youtube.com/results?search_query=balanced+binary+tree+leetcode+striver,https://www.youtube.com/results?search_query=balanced+binary+tree+leetcode+neetcode
https://leetcode.com/problems/path-sum/,Trees,Tree Traversals (Must Know),https://www.youtube.com/results?search_query=path+sum+leetcode+striver,https://www.youtube.com/results?search_query=path+sum+leetcode+neetcode
https://leetcode.com/problems/binary-tree-level-order-traversal/,Trees,Tree Traversals (Must Know),https://www.youtube.com/results?search_query=binary+tree+level+order+traversal+leetcode+striver,https://www.youtube.com/results?search_query=binary+tree+level+order+traversal+leetcode+neetcode
https://leetcode.com/problems/binary-tree-right-side-view/,Trees,Tree Traversals (Must Know),https://www.youtube.com/results?search_query=binary+tree+right+side+view+leetcode+striver,https://www.youtube.com/results?search_query=binary+tree+right+side+view+leetcode+neetcode
https://leetcode.com/problems/binary-tree-zigzag-level-order-traversal/,Trees,Tree Traversals (Must Know),https://www.youtube.com/results?search_query=binary+tree+zigzag+level+order+traversal+leetcode+striver,https://www.youtube.com/results?search_query=binary+tree+zigzag+level+order+traversal+leetcode+neetcode
https://leetcode.com/problems/diameter-of-binary-tree/,Trees,Tree Traversals (Must Know),https://www.youtube.com/results?search_query=diameter+of+binary+tree+leetcode+striver,https://www.youtube.com/results?search_query=diameter+of+binary+tree+leetcode+neetcode
https://leetcode.com/problems/lowest-common-ancestor-of-a-binary-tree/,Trees,Tree Traversals (Must Know),https://www.youtube.com/results?search_query=lowest+common+ancestor+of+a+binary+tree+leetcode+striver,https://www.youtube.com/results?search_query=lowest+common+ancestor+of+a+binary+tree+leetcode+neetcode
https://leetcode.com/problems/path-sum-ii/,Trees,Tree Traversals (Must Know),https://www.youtube.com/results?search_query=path+sum+ii+leetcode+striver,https://www.youtube.com/results?search_query=path+sum+ii+leetcode+neetcode
https://leetcode.com/problems/flatten-binary-tree-to-linked-list/,Trees,Tree Traversals (Must Know),https://www.youtube.com/results?search_query=flatten+binary+tree+to+linked+list+leetcode+striver,https://www.youtube.com/results?search_query=flatten+binary+tree+to+linked+list+leetcode+neetcode
https://leetcode.com/problems/count-good-nodes-in-binary-tree/,Trees,Tree Traversals (Must Know),https://www.youtube.com/results?search_query=count+good+nodes+in+binary+tree+leetcode+striver,https://www.youtube.com/results?search_query=count+good+nodes+in+binary+tree+leetcode+neetcode
https://leetcode.com/problems/binary-tree-maximum-path-sum/,Trees,Tree Traversals (Must Know),https://www.youtube.com/results?search_query=binary+tree+maximum+path+sum+leetcode+striver,https://www.youtube.com/results?search_query=binary+tree+maximum+path+sum+leetcode+neetcode
https://leetcode.com/problems/serialize-and-deserialize-binary-tree/,Trees,Tree Traversals (Must Know),https://www.youtube.com/results?search_query=serialize+and+deserialize+binary+tree+leetcode+striver,https://www.youtube.com/results?search_query=serialize+and+deserialize+binary+tree+leetcode+neetcode
https://leetcode.com/problems/vertical-order-traversal-of-a-binary-tree/,Trees,Tree Traversals (Must Know),https://www.youtube.com/results?search_query=vertical+order+traversal+of+a+binary+tree+leetcode+striver,https://www.youtube.com/results?search_query=vertical+order+traversal+of+a+binary+tree+leetcode+neetcode
https://leetcode.com/problems/search-in-a-binary-search-tree/,Binary Search,,https://www.youtube.com/results?search_query=search+in+a+binary+search+tree+leetcode+striver,https://www.youtube.com/results?search_query=search+in+a+binary+search+tree+leetcode+neetcode
https://leetcode.com/problems/insert-into-a-binary-search-tree/,Binary Search,,https://www.youtube.com/results?search_query=insert+into+a+binary+search+tree+leetcode+striver,https://www.youtube.com/results?search_query=insert+into+a+binary+search+tree+leetcode+neetcode
https://leetcode.com/problems/minimum-absolute-difference-in-bst/,Binary Search,,https://www.youtube.com/results?search_query=minimum+absolute+difference+in+bst+leetcode+striver,https://www.youtube.com/results?search_query=minimum+absolute+difference+in+bst+leetcode+neetcode
https://leetcode.com/problems/range-sum-of-bst/,Binary Search,,https://www.youtube.com/results?search_query=range+sum+of+bst+leetcode+striver,https://www.youtube.com/results?search_query=range+sum+of+bst+leetcode+neetcode
https://leetcode.com/problems/convert-sorted-array-to-binary-search-tree/,Binary Search,,https://www.youtube.com/results?search_query=convert+sorted+array+to+binary+search+tree+leetcode+striver,https://www.youtube.com/results?search_query=convert+sorted+array+to+binary+search+tree+leetcode+neetcode
https://leetcode.com/problems/increasing-order-search-tree/,Binary Search,,https://www.youtube.com/results?search_query=increasing+order+search+tree+leetcode+striver,https://www.youtube.com/results?search_query=increasing+order+search+tree+leetcode+neetcode
https://leetcode.com/problems/validate-binary-search-tree/,Binary Search,,https://www.youtube.com/results?search_query=validate+binary+search+tree+leetcode+striver,https://www.youtube.com/results?search_query=validate+binary+search+tree+leetcode+neetcode
https://leetcode.com/problems/kth-smallest-element-in-a-bst/,Binary Search,,https://www.youtube.com/results?search_query=kth+smallest+element+in+a+bst+leetcode+striver,https://www.youtube.com/results?search_query=kth+smallest+element+in+a+bst+leetcode+neetcode
https://leetcode.com/problems/lowest-common-ancestor-of-a-binary-search-tree/,Binary Search,,https://www.youtube.com/results?search_query=lowest+common+ancestor+of+a+binary+search+tree+leetcode+striver,https://www.youtube.com/results?search_query=lowest+common+ancestor+of+a+binary+search+tree+leetcode+neetcode
https://leetcode.com/problems/delete-node-in-a-bst/,Binary Search,,https://www.youtube.com/results?search_query=delete+node+in+a+bst+leetcode+striver,https://www.youtube.com/results?search_query=delete+node+in+a+bst+leetcode+neetcode
https://leetcode.com/problems/construct-binary-search-tree-from-preorder-traversal/,Binary Search,,https://www.youtube.com/results?search_query=construct+binary+search+tree+from+preorder+traversal+leetcode+striver,https://www.youtube.com/results?search_query=construct+binary+search+tree+from+preorder+traversal+leetcode+neetcode
https://leetcode.com/problems/recover-binary-search-tree/,Binary Search,,https://www.youtube.com/results?search_query=recover+binary+search+tree+leetcode+striver,https://www.youtube.com/results?search_query=recover+binary+search+tree+leetcode+neetcode
https://leetcode.com/problems/count-of-smaller-numbers-after-self/,Binary Search,,https://www.youtube.com/results?search_query=count+of+smaller+numbers+after+self+leetcode+striver,https://www.youtube.com/results?search_query=count+of+smaller+numbers+after+self+leetcode+neetcode
https://leetcode.com/problems/kth-largest-element-in-a-stream/,Heaps,Heap Fundamentals & Top K Pattern,https://www.youtube.com/results?search_query=kth+largest+element+in+a+stream+leetcode+striver,https://www.youtube.com/results?search_query=kth+largest+element+in+a+stream+leetcode+neetcode
https://leetcode.com/problems/last-stone-weight/,Heaps,Heap Fundamentals & Top K Pattern,https://www.youtube.com/results?search_query=last+stone+weight+leetcode+striver,https://www.youtube.com/results?search_query=last+stone+weight+leetcode+neetcode
https://leetcode.com/problems/relative-ranks/,Heaps,Heap Fundamentals & Top K Pattern,https://www.youtube.com/results?search_query=relative+ranks+leetcode+striver,https://www.youtube.com/results?search_query=relative+ranks+leetcode+neetcode
https://leetcode.com/problems/maximum-product-of-two-elements-in-an-array/,Heaps,Heap Fundamentals & Top K Pattern,https://www.youtube.com/results?search_query=maximum+product+of+two+elements+in+an+array+leetcode+striver,https://www.youtube.com/results?search_query=maximum+product+of+two+elements+in+an+array+leetcode+neetcode
https://leetcode.com/problems/take-gifts-from-the-richest-pile/,Heaps,Heap Fundamentals & Top K Pattern,https://www.youtube.com/results?search_query=take+gifts+from+the+richest+pile+leetcode+striver,https://www.youtube.com/results?search_query=take+gifts+from+the+richest+pile+leetcode+neetcode
https://leetcode.com/problems/kth-largest-element-in-an-array/,Heaps,Heap Fundamentals & Top K Pattern,https://www.youtube.com/results?search_query=kth+largest+element+in+an+array+leetcode+striver,https://www.youtube.com/results?search_query=kth+largest+element+in+an+array+leetcode+neetcode
https://leetcode.com/problems/top-k-frequent-elements/,Heaps,Heap Fundamentals & Top K Pattern,https://www.youtube.com/results?search_query=top+k+frequent+elements+leetcode+striver,https://www.youtube.com/results?search_query=top+k+frequent+elements+leetcode+neetcode
https://leetcode.com/problems/top-k-frequent-words/,Heaps,Heap Fundamentals & Top K Pattern,https://www.youtube.com/results?search_query=top+k+frequent+words+leetcode+striver,https://www.youtube.com/results?search_query=top+k+frequent+words+leetcode+neetcode
https://leetcode.com/problems/k-closest-points-to-origin/,Heaps,Heap Fundamentals & Top K Pattern,https://www.youtube.com/results?search_query=k+closest+points+to+origin+leetcode+striver,https://www.youtube.com/results?search_query=k+closest+points+to+origin+leetcode+neetcode
https://leetcode.com/problems/task-scheduler/,Heaps,Heap Fundamentals & Top K Pattern,https://www.youtube.com/results?search_query=task+scheduler+leetcode+striver,https://www.youtube.com/results?search_query=task+scheduler+leetcode+neetcode
https://leetcode.com/problems/reorganize-string/,Heaps,Heap Fundamentals & Top K Pattern,https://www.youtube.com/results?search_query=reorganize+string+leetcode+striver,https://www.youtube.com/results?search_query=reorganize+string+leetcode+neetcode
https://leetcode.com/problems/find-median-from-data-stream/,Heaps,Heap Fundamentals & Top K Pattern,https://www.youtube.com/results?search_query=find+median+from+data+stream+leetcode+striver,https://www.youtube.com/results?search_query=find+median+from+data+stream+leetcode+neetcode
https://leetcode.com/problems/merge-k-sorted-lists/,Heaps,Heap Fundamentals & Top K Pattern,https://www.youtube.com/results?search_query=merge+k+sorted+lists+leetcode+striver,https://www.youtube.com/results?search_query=merge+k+sorted+lists+leetcode+neetcode
https://leetcode.com/problems/smallest-range-covering-elements-from-k-lists/,Heaps,Heap Fundamentals & Top K Pattern,https://www.youtube.com/results?search_query=smallest+range+covering+elements+from+k+lists+leetcode+striver,https://www.youtube.com/results?search_query=smallest+range+covering+elements+from+k+lists+leetcode+neetcode
https://leetcode.com/problems/sliding-window-median/,Heaps,Heap Fundamentals & Top K Pattern,https://www.youtube.com/results?search_query=sliding+window+median+leetcode+striver,https://www.youtube.com/results?search_query=sliding+window+median+leetcode+neetcode
https://leetcode.com/problems/climbing-stairs/,Dynamic Programming,1D DP — Linear Problems,https://www.youtube.com/results?search_query=climbing+stairs+leetcode+striver,https://www.youtube.com/results?search_query=climbing+stairs+leetcode+neetcode
https://leetcode.com/problems/min-cost-climbing-stairs/,Dynamic Programming,1D DP — Linear Problems,https://www.youtube.com/results?search_query=min+cost+climbing+stairs+leetcode+striver,https://www.youtube.com/results?search_query=min+cost+climbing+stairs+leetcode+neetcode
https://leetcode.com/problems/n-th-tribonacci-number/,Dynamic Programming,1D DP — Linear Problems,https://www.youtube.com/results?search_query=n+th+tribonacci+number+leetcode+striver,https://www.youtube.com/results?search_query=n+th+tribonacci+number+leetcode+neetcode
https://leetcode.com/problems/pascals-triangle/,Dynamic Programming,1D DP — Linear Problems,https://www.youtube.com/results?search_query=pascals+triangle+leetcode+striver,https://www.youtube.com/results?search_query=pascals+triangle+leetcode+neetcode
https://leetcode.com/problems/is-subsequence/,Dynamic Programming,1D DP — Linear Problems,https://www.youtube.com/results?search_query=is+subsequence+leetcode+striver,https://www.youtube.com/results?search_query=is+subsequence+leetcode+neetcode
https://leetcode.com/problems/divisor-game/,Dynamic Programming,1D DP — Linear Problems,https://www.youtube.com/results?search_query=divisor+game+leetcode+striver,https://www.youtube.com/results?search_query=divisor+game+leetcode+neetcode
https://leetcode.com/problems/house-robber/,Dynamic Programming,1D DP — Linear Problems,https://www.youtube.com/results?search_query=house+robber+leetcode+striver,https://www.youtube.com/results?search_query=house+robber+leetcode+neetcode
https://leetcode.com/problems/house-robber-ii/,Dynamic Programming,1D DP — Linear Problems,https://www.youtube.com/results?search_query=house+robber+ii+leetcode+striver,https://www.youtube.com/results?search_query=house+robber+ii+leetcode+neetcode
https://leetcode.com/problems/jump-game/,Dynamic Programming,1D DP — Linear Problems,https://www.youtube.com/results?search_query=jump+game+leetcode+striver,https://www.youtube.com/results?search_query=jump+game+leetcode+neetcode
https://leetcode.com/problems/jump-game-ii/,Dynamic Programming,1D DP — Linear Problems,https://www.youtube.com/results?search_query=jump+game+ii+leetcode+striver,https://www.youtube.com/results?search_query=jump+game+ii+leetcode+neetcode
https://leetcode.com/problems/coin-change/,Dynamic Programming,1D DP — Linear Problems,https://www.youtube.com/results?search_query=coin+change+leetcode+striver,https://www.youtube.com/results?search_query=coin+change+leetcode+neetcode
https://leetcode.com/problems/longest-increasing-subsequence/,Dynamic Programming,1D DP — Linear Problems,https://www.youtube.com/results?search_query=longest+increasing+subsequence+leetcode+striver,https://www.youtube.com/results?search_query=longest+increasing+subsequence+leetcode+neetcode
https://leetcode.com/problems/word-break/,Dynamic Programming,1D DP — Linear Problems,https://www.youtube.com/results?search_query=word+break+leetcode+striver,https://www.youtube.com/results?search_query=word+break+leetcode+neetcode
https://leetcode.com/problems/decode-ways/,Dynamic Programming,1D DP — Linear Problems,https://www.youtube.com/results?search_query=decode+ways+leetcode+striver,https://www.youtube.com/results?search_query=decode+ways+leetcode+neetcode
https://leetcode.com/problems/maximum-product-subarray/,Dynamic Programming,1D DP — Linear Problems,https://www.youtube.com/results?search_query=maximum+product+subarray+leetcode+striver,https://www.youtube.com/results?search_query=maximum+product+subarray+leetcode+neetcode
https://leetcode.com/problems/longest-valid-parentheses/,Dynamic Programming,1D DP — Linear Problems,https://www.youtube.com/results?search_query=longest+valid+parentheses+leetcode+striver,https://www.youtube.com/results?search_query=longest+valid+parentheses+leetcode+neetcode
https://leetcode.com/problems/unique-paths/,Dynamic Programming,2D DP — Grid & String Problems,https://www.youtube.com/results?search_query=unique+paths+leetcode+striver,https://www.youtube.com/results?search_query=unique+paths+leetcode+neetcode
https://leetcode.com/problems/pascals-triangle-ii/,Dynamic Programming,2D DP — Grid & String Problems,https://www.youtube.com/results?search_query=pascals+triangle+ii+leetcode+striver,https://www.youtube.com/results?search_query=pascals+triangle+ii+leetcode+neetcode
https://leetcode.com/problems/unique-paths-ii/,Dynamic Programming,2D DP — Grid & String Problems,https://www.youtube.com/results?search_query=unique+paths+ii+leetcode+striver,https://www.youtube.com/results?search_query=unique+paths+ii+leetcode+neetcode
https://leetcode.com/problems/minimum-path-sum/,Dynamic Programming,2D DP — Grid & String Problems,https://www.youtube.com/results?search_query=minimum+path+sum+leetcode+striver,https://www.youtube.com/results?search_query=minimum+path+sum+leetcode+neetcode
https://leetcode.com/problems/longest-common-subsequence/,Dynamic Programming,2D DP — Grid & String Problems,https://www.youtube.com/results?search_query=longest+common+subsequence+leetcode+striver,https://www.youtube.com/results?search_query=longest+common+subsequence+leetcode+neetcode
https://leetcode.com/problems/edit-distance/,Dynamic Programming,2D DP — Grid & String Problems,https://www.youtube.com/results?search_query=edit+distance+leetcode+striver,https://www.youtube.com/results?search_query=edit+distance+leetcode+neetcode
https://leetcode.com/problems/coin-change-ii/,Dynamic Programming,2D DP — Grid & String Problems,https://www.youtube.com/results?search_query=coin+change+ii+leetcode+striver,https://www.youtube.com/results?search_query=coin+change+ii+leetcode+neetcode
https://leetcode.com/problems/partition-equal-subset-sum/,Dynamic Programming,2D DP — Grid & String Problems,https://www.youtube.com/results?search_query=partition+equal+subset+sum+leetcode+striver,https://www.youtube.com/results?search_query=partition+equal+subset+sum+leetcode+neetcode
https://leetcode.com/problems/target-sum/,Dynamic Programming,2D DP — Grid & String Problems,https://www.youtube.com/results?search_query=target+sum+leetcode+striver,https://www.youtube.com/results?search_query=target+sum+leetcode+neetcode
https://www.interviewbit.com/problems/0-1-knapsack/,Dynamic Programming,2D DP — Grid & String Problems,https://www.youtube.com/results?search_query=0+1+knapsack+leetcode+striver,https://www.youtube.com/results?search_query=0+1+knapsack+leetcode+neetcode
https://leetcode.com/problems/edit-distance/,Dynamic Programming,2D DP — Grid & String Problems,https://www.youtube.com/results?search_query=edit+distance+leetcode+striver,https://www.youtube.com/results?search_query=edit+distance+leetcode+neetcode
https://leetcode.com/problems/burst-balloons/,Dynamic Programming,2D DP — Grid & String Problems,https://www.youtube.com/results?search_query=burst+balloons+leetcode+striver,https://www.youtube.com/results?search_query=burst+balloons+leetcode+neetcode
https://leetcode.com/problems/distinct-subsequences/,Dynamic Programming,2D DP — Grid & String Problems,https://www.youtube.com/results?search_query=distinct+subsequences+leetcode+striver,https://www.youtube.com/results?search_query=distinct+subsequences+leetcode+neetcode
https://leetcode.com/problems/find-if-path-exists-in-graph/,Graphs,Graph Basics — BFS & DFS,https://www.youtube.com/results?search_query=find+if+path+exists+in+graph+leetcode+striver,https://www.youtube.com/results?search_query=find+if+path+exists+in+graph+leetcode+neetcode
https://leetcode.com/problems/flood-fill/,Graphs,Graph Basics — BFS & DFS,https://www.youtube.com/results?search_query=flood+fill+leetcode+striver,https://www.youtube.com/results?search_query=flood+fill+leetcode+neetcode
https://leetcode.com/problems/island-perimeter/,Graphs,Graph Basics — BFS & DFS,https://www.youtube.com/results?search_query=island+perimeter+leetcode+striver,https://www.youtube.com/results?search_query=island+perimeter+leetcode+neetcode
https://leetcode.com/problems/find-center-of-star-graph/,Graphs,Graph Basics — BFS & DFS,https://www.youtube.com/results?search_query=find+center+of+star+graph+leetcode+striver,https://www.youtube.com/results?search_query=find+center+of+star+graph+leetcode+neetcode
https://leetcode.com/problems/employee-importance/,Graphs,Graph Basics — BFS & DFS,https://www.youtube.com/results?search_query=employee+importance+leetcode+striver,https://www.youtube.com/results?search_query=employee+importance+leetcode+neetcode
https://leetcode.com/problems/number-of-islands/,Graphs,Graph Basics — BFS & DFS,https://www.youtube.com/results?search_query=number+of+islands+leetcode+striver,https://www.youtube.com/results?search_query=number+of+islands+leetcode+neetcode
https://leetcode.com/problems/max-area-of-island/,Graphs,Graph Basics — BFS & DFS,https://www.youtube.com/results?search_query=max+area+of+island+leetcode+striver,https://www.youtube.com/results?search_query=max+area+of+island+leetcode+neetcode
https://leetcode.com/problems/rotting-oranges/,Graphs,Graph Basics — BFS & DFS,https://www.youtube.com/results?search_query=rotting+oranges+leetcode+striver,https://www.youtube.com/results?search_query=rotting+oranges+leetcode+neetcode
https://leetcode.com/problems/01-matrix/,Graphs,Graph Basics — BFS & DFS,https://www.youtube.com/results?search_query=01+matrix+leetcode+striver,https://www.youtube.com/results?search_query=01+matrix+leetcode+neetcode
https://leetcode.com/problems/number-of-provinces/,Graphs,Graph Basics — BFS & DFS,https://www.youtube.com/results?search_query=number+of+provinces+leetcode+striver,https://www.youtube.com/results?search_query=number+of+provinces+leetcode+neetcode
https://leetcode.com/problems/clone-graph/,Graphs,Graph Basics — BFS & DFS,https://www.youtube.com/results?search_query=clone+graph+leetcode+striver,https://www.youtube.com/results?search_query=clone+graph+leetcode+neetcode
https://leetcode.com/problems/course-schedule/,Graphs,Graph Basics — BFS & DFS,https://www.youtube.com/results?search_query=course+schedule+leetcode+striver,https://www.youtube.com/results?search_query=course+schedule+leetcode+neetcode
https://leetcode.com/problems/course-schedule-ii/,Graphs,Graph Basics — BFS & DFS,https://www.youtube.com/results?search_query=course+schedule+ii+leetcode+striver,https://www.youtube.com/results?search_query=course+schedule+ii+leetcode+neetcode
https://leetcode.com/problems/word-ladder/,Graphs,Graph Basics — BFS & DFS,https://www.youtube.com/results?search_query=word+ladder+leetcode+striver,https://www.youtube.com/results?search_query=word+ladder+leetcode+neetcode
https://leetcode.com/problems/shortest-path-to-get-all-keys/,Graphs,Graph Basics — BFS & DFS,https://www.youtube.com/results?search_query=shortest+path+to+get+all+keys+leetcode+striver,https://www.youtube.com/results?search_query=shortest+path+to+get+all+keys+leetcode+neetcode
https://leetcode.com/problems/find-the-town-judge/,Graphs,Shortest Path & Advanced Graph,https://www.youtube.com/results?search_query=find+the+town+judge+leetcode+striver,https://www.youtube.com/results?search_query=find+the+town+judge+leetcode+neetcode
https://leetcode.com/problems/network-delay-time/,Graphs,Shortest Path & Advanced Graph,https://www.youtube.com/results?search_query=network+delay+time+leetcode+striver,https://www.youtube.com/results?search_query=network+delay+time+leetcode+neetcode
https://leetcode.com/problems/path-with-minimum-effort/,Graphs,Shortest Path & Advanced Graph,https://www.youtube.com/results?search_query=path+with+minimum+effort+leetcode+striver,https://www.youtube.com/results?search_query=path+with+minimum+effort+leetcode+neetcode
https://leetcode.com/problems/cheapest-flights-within-k-stops/,Graphs,Shortest Path & Advanced Graph,https://www.youtube.com/results?search_query=cheapest+flights+within+k+stops+leetcode+striver,https://www.youtube.com/results?search_query=cheapest+flights+within+k+stops+leetcode+neetcode
https://leetcode.com/problems/is-graph-bipartite/,Graphs,Shortest Path & Advanced Graph,https://www.youtube.com/results?search_query=is+graph+bipartite+leetcode+striver,https://www.youtube.com/results?search_query=is+graph+bipartite+leetcode+neetcode
https://leetcode.com/problems/redundant-connection/,Graphs,Shortest Path & Advanced Graph,https://www.youtube.com/results?search_query=redundant+connection+leetcode+striver,https://www.youtube.com/results?search_query=redundant+connection+leetcode+neetcode
https://leetcode.com/problems/min-cost-to-connect-all-points/,Graphs,Shortest Path & Advanced Graph,https://www.youtube.com/results?search_query=min+cost+to+connect+all+points+leetcode+striver,https://www.youtube.com/results?search_query=min+cost+to+connect+all+points+leetcode+neetcode
https://leetcode.com/problems/find-eventual-safe-states/,Graphs,Shortest Path & Advanced Graph,https://www.youtube.com/results?search_query=find+eventual+safe+states+leetcode+striver,https://www.youtube.com/results?search_query=find+eventual+safe+states+leetcode+neetcode
https://leetcode.com/problems/word-ladder-ii/,Graphs,Shortest Path & Advanced Graph,https://www.youtube.com/results?search_query=word+ladder+ii+leetcode+striver,https://www.youtube.com/results?search_query=word+ladder+ii+leetcode+neetcode
https://leetcode.com/problems/longest-increasing-path-in-a-matrix/,Graphs,Shortest Path & Advanced Graph,https://www.youtube.com/results?search_query=longest+increasing+path+in+a+matrix+leetcode+striver,https://www.youtube.com/results?search_query=longest+increasing+path+in+a+matrix+leetcode+neetcode
